åoçœäàìÆï ïtâ¡âøíläz,,,,,,,,,,,,,,,,,,,,,,,,,,,,,,,,,,,,,,,,
Value Added by Economic Activity,,,,,,,,,,,,,,,,,,,,,,,,,,,,,,,,,,,,,,,,
,2024îNÇSÅ|ÇUåéä˙élîºä˙ï ÇfÇcÇoë¨ïÒÅiÇQéüë¨ïÒílÅjÇ…äÓÇ√Ç≠êÑåvíl,,,,,,,,,,,,,,,,,,,,,,,,,,,,,,,,,,,,,,,
,Based on Quarterly Estimates of GDP for April-June 2024 (The Second Preliminary Estimates),,,,,,,,,,,,,,,,,,,,,,,,,,,,,,,,,,,,,,,
,,é¿éøãGêﬂí≤êÆånóÒ,,,,,,,,,,,,,,,,,,,,,,,,,,,,,,,,,,,ÅÉéQçlÅÑ,,,ÅiíPà :2015óÔîNÅiïΩê¨27óÔîNÅjòAçΩâøäiÅA10â≠â~Åj
,,"Real, Seasonally Adjusted Series",,,,,,,,,,,,,,,,,,,,,,,,,,,,,,,,,,,ÅÉcfÅÑ,,,(Billions of Chained (2015) Yen)
,,,ÇPÅDî_ó—êÖéYã∆,ÇQÅDçzã∆,ÇRÅDêªë¢ã∆,,,,,,,,,,,,,,,ÇSÅDìdãCÅEÉKÉXÅEêÖìπÅEîpä¸ï®èàóùã∆,ÇTÅDåöê›ã∆,ÇUÅDâµîÑÅEè¨îÑã∆,ÇVÅDâ^óAÅEóXï÷ã∆,ÇWÅDèhîëÅEà˘êHÉTÅ[ÉrÉXã∆,ÇXÅDèÓïÒí êMã∆,ÇPÇOÅDã‡óZÅEï€åØã∆,ÇPÇPÅDïsìÆéYã∆,ÇPÇQÅDêÍñÂÅEâ»äwãZèpÅAã∆ñ±éxâáÉTÅ[ÉrÉXã∆,ÇPÇRÅDåˆñ±,ÇPÇSÅDã≥àÁ,ÇPÇTÅDï€åíâqê∂ÅEé–âÔéñã∆,ÇPÇUÅDÇªÇÃëºÇÃÉTÅ[ÉrÉX,è¨åv,çáåv,ìùåvè„ÇÃïsìÀçá,çëì‡ëçê∂éY(éxèoë§),,,,
,,,"1. Agriculture, forestry and fishing",2. Mining,3. Manufacturing,,,,,,,,,,,,,,,"4.  Electricity, gas and water supply, waste management service",5.  Construction,6.  Wholesale and retail trade,7.  Transport and postal services,8.  Accommodation and food service activities,9.  Information and communications,10. Finance and insurance,11. Real estate,"12. Professional, scientific and technical activities",13. Public administration,14. Education,15. Human health and social work activities,16. Other service activities,Sub-total,Gross domestic product (not including statistical discrepancy),Statistical discrepancy,Gross domestic product (Expenditure Approach),,,,
îN,ä˙,,,,,ÅiÇPÅjêHóøïi,ÅiÇQÅjë@à€êªïi,ÅiÇRÅjÉpÉãÉvÅEéÜÅEéÜâ¡çHïi,ÅiÇSÅjâªäw,ÅiÇTÅjêŒñ˚ÅEêŒíYêªïi,ÅiÇUÅjóqã∆ÅEìyêŒêªïi,ÅiÇVÅjàÍéüã‡ëÆ,ÅiÇWÅjã‡ëÆêªïi,ÅiÇXÅjÇÕÇÒópÅEê∂éYópÅEã∆ñ±ópã@äB,ÅiÇPÇOÅjìdéqïîïiÅEÉfÉoÉCÉX,ÅiÇPÇPÅjìdãCã@äB,ÅiÇPÇQÅjèÓïÒÅEí êMã@äÌ,ÅiÇPÇRÅjóAëóópã@äB,ÅiÇPÇSÅjÇªÇÃëºÇÃêªë¢ã∆,,,,,,,,,,,,,,,,,,ëÊÇPéüéYã∆,ëÊÇQéüéYã∆,ëÊÇRéüéYã∆,
year,quarter,,,,,(1)Food products and beverages,(2)Textile products,"(3)Pulp, paper and paper products",(4)Chemicals,(5)Petroleum and coal products,(6)Non-metallic mineral products ,(7)Basic metal,(8)Fabricated metal products,"(9)General-purpose, production and business oriented machinery",(10)Electronic components and devices,"(11)Electrical machinery, equipment and supplies",(12)Information and communication electronics equipment,(13)Transport equipment,(14)Other manufacturing,,,,,,,,,,,,,,,,,,Primary industries,Secondary industries,Tertiary industries,
1994,áT,1994Q1,8249.8,1049.0,83448.0,14364.3,5017.4,2979.5,7578.8,9344.4,3995.8,8076.0,6772.4,11438.5,539.7,4693.0,758.6,12525.8,12301.5,14209.7,43299.7,62936.0,27523.6,17756.4,10465.0,25497.2,50627.4,19422.0,22197.0,16581.8,20297.8,27499.8,442261.4,444732.8,1505.4,446238.3,8249.8,122552.8,310213.2,
1994,áU,1994Q2,6432.8,1074.5,83751.5,13791.5,4941.5,2969.8,7881.6,9267.3,4079.4,8457.1,6996.3,11571.6,599.9,4726.4,755.2,11860.0,12261.5,14409.2,44080.7,66545.6,28063.9,17803.5,10477.2,25120.6,50917.9,20131.9,22453.4,16823.5,20594.4,27408.2,446659.4,449351.9,-5537.9,443814.0,6432.8,123451.4,315932.6,
1994,áV,1994Q3,7849.0,1078.9,85455.7,14090.5,4958.4,2997.9,8080.0,9326.4,4104.0,8611.8,7152.2,12043.3,636.1,4763.6,794.9,11862.9,12364.6,15112.0,43146.8,66942.0,28089.5,18191.3,10855.1,24561.1,51426.6,20770.6,22473.4,16823.2,20805.3,27358.5,452302.7,454949.7,-6045.6,448904.1,7849.0,124700.1,318699.0,
1994,áW,1994Q4,7869.8,1069.5,85867.1,13519.6,4842.7,2982.9,8093.2,9176.0,4127.7,8640.0,7164.7,12366.9,685.1,4864.3,803.5,12095.1,12328.1,14928.1,42269.1,67626.6,28270.1,18278.9,10981.0,24116.5,51599.2,20772.4,22458.5,16817.3,20716.5,27263.3,452646.1,455111.9,-7935.3,447176.6,7869.8,124564.6,319165.2,
1995,áT,1995Q1,7178.4,1012.5,88105.9,15120.4,4912.1,3110.2,7947.7,8908.2,4088.8,8991.8,7192.8,12298.8,670.8,5128.2,828.6,12937.5,12425.5,14973.0,41766.4,66316.7,28723.6,17431.6,11195.3,23836.3,51806.6,20029.8,22790.9,16973.9,21349.9,27066.8,453191.3,456337.6,-4297.6,452040.0,7178.4,126642.0,317973.5,
1995,áU,1995Q2,7019.9,1020.8,89460.9,14413.4,4809.2,3135.7,8031.9,8838.1,4162.5,8858.8,7178.0,13188.4,768.0,5162.4,870.8,13380.0,12325.4,15142.4,41175.4,70085.5,29228.9,18120.4,11704.4,23341.7,51841.9,20555.0,22896.8,17120.6,21462.7,26835.9,459673.3,462349.6,-6007.9,456341.7,7019.9,127717.1,323765.4,
1995,áV,1995Q3,6963.3,1024.5,88544.9,14907.7,4713.6,3127.3,7954.9,8894.1,4080.2,8715.1,7422.8,12676.1,776.8,5043.7,911.1,12059.1,12391.3,15387.8,42552.6,70954.3,29170.8,18364.8,11891.0,23510.6,51615.7,20650.4,23007.4,17186.5,21774.2,26774.7,461234.4,463715.9,-2027.9,461688.0,6963.3,127714.4,325623.8,
1995,áW,1995Q4,6967.9,1018.3,89167.7,14591.0,4565.3,3146.6,8015.2,8740.4,4134.8,8672.0,7529.4,12740.7,812.5,5150.4,979.5,12091.4,12303.7,15691.5,43208.0,71406.4,29389.9,18590.7,12554.2,23668.8,51810.8,21130.9,22875.2,17105.6,21986.5,26855.6,464969.1,467480.5,-4622.1,462858.4,6967.9,128846.8,328431.2,
1996,áT,1996Q1,7585.7,1107.5,89893.7,14867.9,4409.4,3128.0,8266.3,10641.0,4189.2,8713.0,7199.0,12485.4,858.7,4852.6,1047.9,11692.4,12200.2,16195.7,44113.5,71061.3,28117.6,18782.1,13039.9,23313.1,52138.3,21702.9,23300.1,17198.2,21963.7,27046.8,467762.6,470308.2,-3676.4,466631.8,7585.7,130324.3,329232.2,
1996,áU,1996Q2,7399.4,1090.7,91953.0,15318.6,4521.9,3125.6,8205.5,10120.9,4252.0,8818.9,7597.4,13555.6,832.0,5005.6,1096.9,12043.9,12342.7,16319.6,44106.1,70703.3,27790.0,18667.9,13849.5,24439.8,52349.8,21855.4,23207.9,17105.5,22342.1,27232.6,472009.1,474751.6,-2201.5,472550.1,7399.4,132512.5,331480.6,
1996,áV,1996Q3,7403.4,1086.6,92959.9,14737.5,4469.0,3136.7,8503.0,10081.7,4264.1,8934.4,7672.9,13465.8,851.9,5070.9,1147.2,12590.7,12533.0,16199.8,43099.5,71861.6,27746.1,18546.2,14345.7,23913.9,52678.5,22136.7,23264.3,17120.1,22547.3,27272.2,474169.6,476938.1,-3778.6,473159.5,7403.4,132846.7,333356.5,
1996,áW,1996Q4,7583.2,1110.8,94690.4,15163.3,4413.6,3094.2,8454.5,9920.2,4290.4,8934.7,7614.8,13750.8,907.8,5184.3,1207.7,13229.4,12708.7,16930.0,42467.2,70996.4,27935.3,18693.7,15019.5,24084.4,52772.6,22234.2,23641.7,17389.8,22802.6,27212.6,478406.3,481189.3,-2738.6,478450.7,7583.2,134266.1,335758.6,
1997,áT,1997Q1,7369.1,1056.4,95940.5,14967.1,4393.5,3115.5,8725.5,10521.7,4311.4,9727.1,8097.8,13668.8,1010.9,5241.1,1212.7,12493.5,12717.9,16535.6,41472.0,74830.5,28211.4,19103.0,15088.1,24668.7,52602.4,22365.1,23707.1,17210.5,22872.6,27288.6,483695.3,486327.1,-6738.0,479589.1,7369.1,134835.0,340541.7,
1997,áU,1997Q2,7428.7,1066.6,95296.9,14906.1,4257.1,3072.4,8734.5,10460.9,4286.8,9410.5,7690.9,13628.1,1059.0,5162.6,1251.0,12079.3,12829.4,16920.3,40715.4,72188.0,27755.6,18683.6,15618.4,24626.9,52760.9,22539.4,23731.6,17115.7,23178.4,26984.7,480830.9,483375.6,-7294.2,476081.4,7428.7,133591.3,338704.9,
1997,áV,1997Q3,7339.3,1043.3,94773.3,14763.7,4154.2,3068.9,8575.8,10571.4,4192.4,9342.0,7397.5,13830.2,1143.5,5195.2,1255.9,11887.2,12324.5,16960.9,40124.8,71587.4,27652.0,18835.6,16445.2,24462.9,52791.9,22656.6,23902.6,17160.4,23150.3,26903.3,480449.5,483003.7,-5998.3,477005.5,7339.3,132583.3,339469.3,
1997,áW,1997Q4,7269.9,1011.3,92410.0,14759.0,4001.9,3004.1,8480.2,10304.5,4107.3,8961.1,7055.9,13960.2,1069.8,5089.9,1205.4,11346.6,11993.4,17090.3,39572.7,71937.7,27401.4,18750.9,16865.8,24079.3,52650.3,22732.1,24289.3,17412.0,23378.5,26906.6,478147.2,480608.9,-3422.8,477186.1,7269.9,129625.3,340606.5,
1998,áT,1998Q1,7256.3,1011.0,92974.8,15107.7,4147.8,3170.6,8242.0,9019.9,3995.7,8528.3,7394.8,13651.4,1059.2,5033.5,1289.8,12334.2,12189.3,17110.5,38991.8,69991.5,26629.8,18640.8,17767.0,23442.0,52160.0,23412.7,24141.5,17170.8,23063.9,26598.3,475396.3,478036.0,-6719.9,471316.1,7256.3,129795.0,337627.5,
1998,áU,1998Q2,7480.4,969.3,90734.4,15066.8,3923.5,3015.5,8234.9,9052.2,3916.3,7766.3,7257.2,13296.5,1060.2,4986.9,1223.1,11908.8,11954.1,17509.3,38721.0,69949.2,26625.8,18783.3,18053.8,23389.3,52124.8,23187.8,24161.7,17187.5,24015.7,26685.4,474123.1,476752.6,-7443.6,469309.1,7480.4,127174.4,339151.2,
1998,áV,1998Q3,7020.9,991.1,89974.5,14960.0,3802.3,2945.4,8401.5,9011.7,3842.3,7701.9,7125.4,12656.0,1059.1,4909.1,1223.9,12150.7,11911.3,17523.5,39029.9,71722.2,26535.7,18833.2,17852.0,23503.9,51997.9,23033.8,24271.4,17195.2,23981.9,26796.0,474427.6,477203.7,-7058.2,470145.5,7020.9,126602.8,340599.2,
1998,áW,1998Q4,8146.1,999.7,89392.7,14990.6,3688.1,2907.0,8387.1,8763.0,3738.6,7468.6,6988.3,12347.3,1119.8,4766.4,1270.7,12041.8,11914.7,17559.7,40867.1,71022.3,26245.6,18660.9,18201.3,23053.2,52261.5,22874.2,24331.7,17226.9,24243.1,26931.3,476020.6,478535.3,-4624.9,473910.3,8146.1,127378.2,340106.2,
1999,áT,1999Q1,7526.8,948.5,89030.6,14649.3,3443.7,2890.7,8710.7,8371.8,3626.5,8041.8,6734.8,12325.9,1087.8,4557.8,1284.2,12964.0,11270.1,17504.0,38438.9,70489.8,25780.6,18371.8,18606.9,22980.0,52463.9,22661.7,24320.7,17222.5,24475.6,26879.3,472312.0,475291.5,-7923.6,467367.9,7526.8,125068.8,339471.7,
1999,áU,1999Q2,7311.5,961.9,88700.8,14521.2,3367.0,2880.3,8732.5,8054.8,3580.8,7919.4,6955.4,12558.1,1212.3,4729.3,1268.3,11904.7,11186.5,17702.7,39953.2,71398.8,26041.4,18360.3,18031.3,22880.5,52561.1,22669.2,24599.8,17383.4,24381.7,26482.9,473497.9,476427.4,-7248.0,469179.5,7311.5,125847.8,340020.1,
1999,áV,1999Q3,7624.0,995.5,90684.3,14833.7,3317.2,2905.2,8739.7,7940.6,3616.8,8229.2,6810.0,12406.5,1295.5,4761.6,1309.4,12826.7,11674.6,17996.1,39096.1,69832.0,26214.1,18322.7,19357.6,22788.8,52473.5,23166.7,24639.4,17367.2,25059.3,26680.2,476938.4,479934.5,-8256.4,471678.2,7624.0,127316.7,341666.4,
1999,áW,1999Q4,7266.8,1012.9,91230.1,15082.3,3185.5,2893.2,8709.2,7945.3,3662.1,8248.2,6829.3,12508.3,1439.9,4786.7,1359.3,12745.0,11111.5,17969.5,37978.3,70624.2,26187.2,18209.4,19218.4,22882.5,52858.7,23729.1,24595.3,17331.1,25226.6,26739.6,477492.6,480594.0,-8770.4,471823.6,7266.8,127052.5,343149.8,
2000,áT,2000Q1,8012.0,1121.8,93058.0,14482.4,3115.7,3058.3,8389.0,8412.2,3688.5,8645.7,6899.2,13411.6,1399.0,4896.5,1447.2,12821.6,11871.7,18000.9,36427.7,70495.7,26896.2,17801.5,19657.6,23238.7,53569.9,25072.5,24859.2,17399.1,26067.5,27734.8,483745.1,486687.1,-6723.5,479963.6,8012.0,127873.3,348260.4,
2000,áU,2000Q2,7984.1,1076.4,93637.0,14457.4,3060.1,3052.4,8557.8,8024.5,3711.0,8933.0,6648.2,13079.9,1511.7,4942.7,1464.7,13488.6,11649.3,17987.0,37786.2,67662.3,26469.4,17465.6,20276.0,22816.5,53866.9,25411.1,25405.2,17338.8,26160.5,28248.9,483907.0,486855.4,-4741.0,482114.4,7984.1,129517.3,346734.3,
2000,áV,2000Q3,8105.6,1100.6,95582.4,14551.0,2953.0,3044.1,8725.1,8288.0,3773.7,9075.3,7011.6,13671.6,1659.1,5113.2,1566.6,12931.6,11565.8,18273.1,37640.5,68342.4,26344.2,17463.5,20533.2,22559.0,54204.7,25822.7,25428.0,17328.3,26445.3,27830.6,487620.2,490584.2,-8323.9,482260.3,8105.6,131498.9,348200.0,
2000,áW,2000Q4,7850.8,1115.2,96102.1,14504.5,2936.4,2979.0,8720.1,7740.6,3808.8,9205.9,7012.2,13082.0,1741.1,5269.6,1605.7,13769.5,11522.3,18109.1,37403.4,69083.6,26726.4,17654.1,21152.2,22566.4,54459.1,26277.0,25434.7,17329.1,26638.1,27821.0,490668.6,493710.4,-6793.8,486916.5,7850.8,131883.6,351032.9,
2001,áT,2001Q1,7429.0,1128.6,93876.4,14661.6,2736.2,2915.3,8662.3,7846.7,3847.1,8968.6,6654.6,13567.2,1738.8,5016.2,1444.0,12681.2,11244.4,18581.9,38081.4,71894.9,27168.1,17553.2,21226.1,22185.4,54402.2,26414.5,25643.2,17435.6,26667.8,26280.6,490844.5,493779.0,-3233.9,490545.1,7429.0,130082.1,353325.2,
2001,áU,2001Q2,7834.2,1176.3,91780.4,14757.9,2632.6,2817.7,8625.4,7731.3,3708.9,8672.5,6740.4,12670.0,1424.1,4793.3,1464.5,13760.8,11051.0,18484.4,35565.6,70935.0,27161.0,17595.5,22159.9,22558.4,54610.7,26678.4,25455.1,17393.2,27559.1,26649.5,488921.1,491873.0,-5023.9,486849.1,7834.2,125882.1,355470.2,
2001,áV,2001Q3,7085.2,1150.7,87898.8,14637.9,2552.1,2767.6,8541.9,7538.2,3553.3,8260.4,6652.0,11934.8,1166.2,4427.5,1373.6,13489.5,10743.6,18672.1,35341.3,70868.6,26565.0,17676.0,22420.3,22276.0,54796.6,27025.9,25585.7,17410.7,27404.2,26848.2,484079.8,487121.3,-5524.1,481597.2,7085.2,121581.8,355919.1,
2001,áW,2001Q4,7204.1,1124.5,85600.6,14595.7,2478.9,2741.4,8495.1,7046.6,3521.3,7887.2,6778.8,11145.2,1092.5,4289.4,1323.1,13242.7,10571.3,18613.6,35238.9,71135.2,25564.0,17229.0,22581.3,22425.1,55011.4,27184.7,25632.9,17448.5,27970.6,27182.5,482015.3,485082.4,-5195.4,479887.0,7204.1,119046.6,356506.8,
2002,áT,2002Q1,8032.6,1046.7,85953.8,14481.4,2416.4,2635.0,8661.1,6992.7,3406.8,7700.7,6190.3,10445.3,1330.1,4203.1,1405.6,14102.5,10509.5,18098.7,35433.3,71413.9,26209.0,17417.0,22861.0,22317.8,55012.7,27234.1,25648.7,17428.6,27684.7,27415.1,483889.1,487103.4,-6363.7,480739.7,8032.6,119522.3,357186.5,
2002,áU,2002Q2,7876.2,1064.2,88117.6,14558.9,2353.4,2615.7,8869.2,6790.8,3407.1,7321.5,6478.1,11330.0,1592.7,4234.7,1446.9,14572.7,10320.4,18328.0,34437.7,72720.5,26926.9,17309.6,22851.6,22468.7,55096.0,27550.5,25718.0,17601.5,27599.1,27517.0,488100.6,491271.6,-6691.7,484579.9,7876.2,121011.5,360028.9,
2002,áV,2002Q3,7699.7,1049.5,90039.5,14429.8,2332.4,2611.3,9213.4,6665.0,3447.0,7583.9,6399.0,11540.4,1657.5,4448.6,1521.7,14784.0,10831.2,18885.2,33993.5,73223.1,27178.8,17226.2,23149.8,22184.4,55614.6,27974.6,25817.1,17687.7,27853.1,27173.6,491904.6,495119.9,-8940.0,486179.9,7699.7,122679.2,362235.0,
2002,áW,2002Q4,7681.3,1058.5,89938.0,14337.3,2313.1,2548.5,8885.6,6568.1,3474.2,7678.7,6018.1,11746.1,1645.1,4372.8,1538.4,15634.2,10668.5,18881.8,33714.5,71557.3,27312.0,16914.3,23261.6,22057.1,55781.4,28225.9,25819.2,17676.7,27760.3,26970.4,490054.2,493173.8,-5681.4,487492.4,7681.3,122360.7,360659.1,
2003,áT,2003Q1,6731.3,1063.7,91071.6,14569.5,2306.8,2585.3,9082.7,6209.1,3447.6,7889.1,7288.0,11296.3,1784.1,4764.3,1746.2,14150.6,10658.2,18672.7,33438.8,71916.2,26955.4,16791.7,23446.6,22343.8,55823.5,28689.0,25864.1,17740.2,28289.2,28528.6,493282.3,496601.1,-8800.8,487800.2,6731.3,123355.1,363629.5,
2003,áU,2003Q2,6639.4,1052.9,91359.5,14719.5,2239.5,2574.5,9203.9,6027.7,3424.2,7828.5,6223.7,11663.5,1910.4,4641.2,1823.3,14472.6,10668.7,18627.1,33103.2,72553.6,26569.1,16480.2,23643.4,22420.3,55967.6,29035.0,26128.8,17754.7,28536.9,27201.6,493201.4,496443.1,-5334.4,491108.7,6639.4,123393.8,363610.2,
2003,áV,2003Q3,6670.9,1017.1,92523.8,14407.7,2292.0,2582.9,9085.6,5807.4,3424.9,7848.4,6047.0,12348.6,2079.0,4635.5,1909.0,14796.8,10754.1,18231.9,32595.7,72930.7,27806.2,16421.0,23886.8,22794.2,56304.3,29203.8,26091.0,17779.8,28795.1,26977.4,496221.0,499323.0,-6692.7,492630.3,6670.9,124201.3,365916.0,
2003,áW,2003Q4,8044.3,993.0,94452.9,14475.2,2222.7,2568.6,9166.0,5672.7,3496.3,8065.3,5979.4,12617.9,2316.0,4834.6,2088.3,14679.3,10847.4,18450.7,32243.1,72709.9,28583.4,16563.5,24013.9,22518.3,56727.9,30052.3,26234.5,17858.3,28957.6,26818.2,500957.2,504126.7,-6147.5,497979.2,8044.3,125936.6,367878.8,
2004,áT,2004Q1,6275.4,948.9,96615.4,14406.8,2163.0,2613.4,9111.5,5582.2,3614.0,8037.7,6073.1,13190.9,2429.5,4995.1,2149.6,15302.7,11355.6,18902.8,32034.5,76637.4,28935.7,16146.5,23450.2,22110.8,56809.3,29802.1,26158.7,17825.3,29065.2,26750.9,503448.4,506620.9,-4888.5,501732.4,6275.4,127990.9,370177.3,
2004,áU,2004Q2,6004.3,855.0,96442.5,14611.0,2126.5,2595.1,8854.6,5514.8,3497.2,8145.7,6112.6,13010.6,2507.4,5117.3,2203.7,15216.4,11081.6,19038.7,31739.9,75673.5,28515.1,16135.5,23662.7,22751.7,57074.9,30495.3,26023.6,17815.1,29495.2,27143.3,503906.2,507077.1,-5417.3,501659.8,6004.3,127517.3,371603.9,
2004,áV,2004Q3,6160.9,853.4,98146.2,14631.9,2101.4,2650.8,9081.1,5523.6,3547.8,8354.9,6193.8,13482.8,2430.6,5088.2,2257.1,16067.0,11247.3,19208.9,31651.7,75744.5,28721.5,15890.2,23439.5,22358.3,57145.1,31212.1,26011.3,17865.9,29679.4,27673.9,506732.7,509914.0,-5131.7,504782.3,6160.9,129225.7,372504.0,
2004,áW,2004Q4,6818.4,841.3,98174.4,14408.8,2080.1,2628.9,9129.6,5274.6,3529.7,8640.3,6097.4,14366.0,2434.5,5111.2,2164.4,15521.8,11417.0,18648.5,31549.0,75259.3,28672.0,15631.1,23674.7,22210.9,57393.2,31864.4,26003.6,17866.6,29862.1,27560.5,507333.3,510501.7,-6665.9,503835.9,6818.4,129173.1,372419.9,
2005,áT,2005Q1,6247.9,878.5,100537.8,14416.1,2020.1,2824.8,9079.1,5304.1,3580.2,8954.8,6551.2,13860.1,2477.0,5195.7,2348.9,17037.0,11623.6,20019.9,30510.7,77410.3,27873.7,15404.4,24167.0,22399.4,57919.8,32371.6,26079.4,17894.7,30258.8,26781.5,512754.3,515647.9,-9265.9,506381.9,6247.9,130779.4,376493.4,
2005,áU,2005Q2,6833.0,895.9,101845.8,13993.8,1952.3,2829.0,8947.1,5337.7,3557.6,9200.6,6764.6,14409.5,2608.8,5330.6,2435.7,17357.5,11664.7,20094.9,30447.0,76358.1,28722.8,15292.4,24061.4,22512.5,58114.8,32918.9,25811.3,17926.7,30315.3,26577.2,515262.6,518389.3,-8086.3,510303.1,6833.0,132103.1,376824.5,
2005,áV,2005Q3,5980.2,868.2,103059.9,14411.2,1921.7,2817.7,8974.2,5312.2,3526.9,8959.5,6689.9,14681.8,2833.0,5472.8,2511.3,17630.4,11443.9,20172.9,30976.4,77460.2,28724.4,15138.0,24352.6,23165.5,58332.2,33721.8,25779.3,17936.3,30480.9,26991.5,520085.5,523336.7,-7833.8,515502.9,5980.2,133808.0,380646.6,
2005,áW,2005Q4,6214.6,854.5,102935.5,13782.1,1910.9,2788.8,8882.3,5307.6,3535.3,8943.4,6658.0,14848.2,2984.0,5612.9,2524.8,17487.7,11397.9,20203.3,30870.6,77048.1,28832.8,15153.9,24349.4,23957.8,58545.9,34414.6,25779.0,17954.7,30644.9,26682.4,521701.7,524993.0,-8540.8,516452.1,6214.6,133581.8,382278.8,
2006,áT,2006Q1,6172.1,873.8,104204.9,14423.8,1918.8,2696.4,9046.5,5616.2,3521.1,9326.3,6512.5,15327.9,3038.4,5826.1,2571.7,17174.5,10937.2,20197.4,31138.8,75779.8,29708.1,15246.1,24601.2,23329.6,58961.5,34921.2,25840.3,18091.2,30481.6,26886.5,523350.1,526745.3,-9531.4,517213.8,6172.1,135127.8,382420.9,
2006,áU,2006Q2,6211.8,856.3,105554.8,14140.1,1943.6,2689.4,9184.1,5420.7,3635.2,9685.0,6640.9,15587.1,3048.8,5924.2,2811.8,17223.9,11144.9,20120.8,30597.9,72771.7,30205.9,15246.3,24699.3,22892.9,59376.5,35482.7,26100.2,18113.3,31103.8,26632.8,522915.5,526241.7,-8267.4,517974.3,6211.8,136035.1,381007.1,
2006,áV,2006Q3,6187.7,825.2,105804.2,13775.4,1921.5,2658.2,9208.7,5539.3,3695.5,9658.0,6482.0,15539.4,3152.1,5937.0,2822.4,17578.9,11192.3,20098.0,30199.3,72450.6,30194.0,15236.2,24651.2,22549.7,59712.0,35872.6,26086.1,18170.2,31213.5,26595.2,522732.1,525791.1,-8794.8,516996.3,6187.7,135918.3,380952.6,
2006,áW,2006Q4,6292.6,825.1,108273.7,13997.4,1922.0,2618.9,9242.1,5477.4,3732.4,9829.9,6707.0,16198.8,3135.1,6059.8,3092.3,18269.2,11352.6,20166.1,30116.3,72796.6,30428.4,15213.3,25226.7,23072.0,59810.9,36319.1,26092.6,18218.6,31229.9,26612.7,527999.2,531128.9,-7101.3,524027.6,6292.6,138379.2,383533.8,
2007,áT,2007Q1,6486.9,790.4,109576.0,14272.4,1954.8,2529.8,9130.2,5166.2,3877.1,9975.7,6581.6,16564.8,3349.7,6238.6,3199.7,18275.6,11503.8,18919.5,29436.3,72375.5,30956.8,15500.6,25203.3,24146.4,59449.2,36874.0,26134.6,18327.0,31919.6,26740.2,531011.6,534052.4,-6645.9,527406.5,6486.9,139067.7,385579.7,
2007,áU,2007Q2,6542.5,797.0,110588.7,14165.3,1917.2,2494.7,9147.1,5143.6,3953.4,10194.0,6502.8,16596.5,3404.9,6337.2,3414.8,18507.7,11595.8,19354.7,29279.6,71430.0,31381.2,15527.8,25143.4,24153.7,59600.3,37940.7,26362.5,18273.6,31713.8,26737.6,532852.7,535987.9,-8421.9,527566.0,6542.5,139947.6,386482.4,
2007,áV,2007Q3,6573.5,781.6,111491.4,14526.4,1912.9,2519.0,9244.7,5098.8,3871.3,10063.8,6445.9,16411.0,3562.3,6355.9,3634.5,18648.9,11606.4,19422.4,28184.2,70034.6,31190.7,15431.0,25274.2,23913.7,59293.9,38705.5,26336.3,18332.1,31742.2,26420.3,531011.0,534095.3,-9290.7,524804.6,6573.5,139867.8,384799.8,
2007,áW,2007Q4,6760.4,738.0,114040.6,14312.2,1896.2,2512.9,9406.2,5106.0,3841.1,10267.6,6465.0,16892.4,3895.5,6427.7,3677.7,19828.8,11660.0,19180.7,26777.5,70512.7,31512.6,15149.5,25205.3,23209.3,59648.6,39572.0,26364.0,18399.9,32294.3,26051.0,532867.4,535962.5,-8861.7,527100.8,6760.4,141187.5,385366.7,
2008,áT,2008Q1,7197.6,741.7,114676.6,13836.4,1902.6,2517.4,9504.3,5148.6,3779.3,10325.9,6651.4,17864.2,3877.7,6090.6,3653.1,20081.0,11710.3,20588.6,26008.9,71510.2,31459.2,14857.5,25781.6,21257.3,59552.6,40408.8,26487.4,18473.0,32121.2,26003.1,532975.0,535969.0,-6969.5,528999.5,7197.6,141114.9,385525.9,
2008,áU,2008Q2,7144.6,695.4,113583.1,13443.6,1891.7,2500.1,9357.8,5155.4,3816.7,10101.8,6519.7,17609.0,3850.1,6161.0,3729.1,19934.8,11570.2,20130.8,26027.6,72996.1,30918.5,14568.3,25636.2,20511.6,59846.0,40336.7,26361.4,18494.6,31725.1,25777.3,530240.4,533148.9,-7359.9,525789.0,7144.6,139978.3,384135.0,
2008,áV,2008Q3,7124.8,690.6,112672.6,13695.4,1825.5,2484.3,9224.4,4941.2,3779.7,10007.5,6027.8,17805.0,3757.9,5970.1,3720.3,20161.9,11375.2,20251.8,26376.2,69360.1,30558.8,14427.8,25492.1,19989.6,59975.8,40305.2,26211.8,18476.1,32048.2,25757.5,525094.8,528159.2,-8761.6,519397.5,7124.8,139349.6,379568.1,
2008,áW,2008Q4,6937.1,633.8,104137.4,13170.2,1769.5,2198.9,9055.8,4968.9,3407.3,8877.2,5611.2,16754.6,3364.4,5785.6,3579.9,16922.5,10429.5,19712.4,26824.2,65373.5,29701.6,14261.4,25101.4,19566.9,59951.7,40210.9,26223.9,18496.5,32127.3,25962.6,510815.8,513695.0,-7184.8,506510.2,6937.1,131021.4,373672.9,
2009,áT,2009Q1,6561.7,300.2,84429.4,12195.9,1590.3,1842.0,8383.5,5146.4,2310.8,6033.5,5023.8,13642.0,2108.9,4580.6,2929.9,11580.0,8724.2,16319.1,26151.9,65416.1,25983.2,13600.2,24886.5,19853.8,59932.6,39307.5,26105.8,18469.1,32611.3,24833.8,482835.5,486296.3,-4253.4,482043.0,6561.7,110409.6,366238.0,
2009,áU,2009Q2,6593.7,338.7,87780.4,12248.8,1553.9,2026.1,8887.9,5204.0,2386.8,6467.1,5095.5,11575.8,3055.6,4737.3,3352.2,12928.6,9131.1,16631.0,27161.0,66797.8,26119.1,13504.6,25210.4,20532.2,59779.6,38492.0,26472.0,18620.9,32658.0,24897.4,490238.4,493391.1,-1826.0,491565.2,6593.7,114787.8,368960.8,
2009,áV,2009Q3,6501.7,406.6,94338.5,12564.0,1514.8,2007.1,9063.2,5371.5,2493.1,7770.3,5208.4,12062.0,3563.5,4939.3,3534.2,15866.3,9436.7,16631.3,25478.2,67728.4,26930.6,13278.0,24679.6,20745.6,59786.7,37856.0,26514.0,18671.1,32986.5,24441.7,495983.0,499554.9,-8107.4,491447.5,6501.7,119795.9,369608.1,
2009,áW,2009Q4,6561.7,452.3,98251.7,12540.4,1536.4,2055.4,9267.5,5397.4,2601.7,8404.4,5053.8,12635.5,3751.8,5170.6,3814.4,17589.5,9548.4,16596.4,24925.1,66638.6,27100.8,12982.6,24720.7,20803.7,59890.0,37315.9,26588.9,18735.7,32963.0,24322.6,497985.8,501529.4,-4100.4,497429.0,6561.7,123285.3,368048.9,
2010,áT,2010Q1,6360.7,406.3,103553.6,13059.3,1486.7,2157.1,9737.8,5437.3,2711.5,10437.6,5215.5,13419.8,4060.7,5461.9,3866.4,17498.8,10062.4,18182.7,24959.0,67775.5,27445.8,13260.3,24580.8,20643.3,60356.8,38382.2,25860.8,18461.5,32920.6,24242.4,506332.5,509937.3,-7354.5,502582.8,6360.7,128768.6,371116.4,
2010,áU,2010Q2,6021.5,411.2,106124.7,12523.8,1477.4,2228.4,9717.2,5556.9,2775.7,10692.3,5020.0,14277.9,4423.4,5802.7,4203.4,18186.8,10123.7,17840.1,23950.3,68064.6,27645.5,13212.5,24999.5,20672.0,60586.5,38441.0,26195.0,18703.2,33759.0,24436.5,510176.7,513749.8,-5005.7,508744.2,6021.5,130508.1,373541.6,
2010,áV,2010Q3,6343.6,387.0,109194.3,13842.0,1534.2,2235.0,10151.6,5606.2,2850.3,10673.8,5026.5,14800.6,4290.7,5948.5,4281.0,18868.7,10227.1,18497.4,24246.2,69121.6,27350.3,13057.8,24902.5,20368.2,60702.6,38318.7,26173.0,18775.5,34022.9,24456.1,514944.3,518645.4,-663.6,517981.9,6343.6,133930.1,374601.0,
2010,áW,2010Q4,6125.7,373.7,106059.8,12119.5,1545.7,2241.0,10247.2,5571.1,2921.0,10726.9,4999.0,14748.9,4288.3,5947.0,4489.3,16628.2,10216.0,17912.0,24779.0,68879.7,27229.2,12793.2,24633.0,20349.2,61162.8,37447.3,26351.6,18870.5,34103.9,24105.9,510394.6,513244.6,416.1,513660.7,6125.7,131258.5,372891.3,
2011,áT,2011Q1,6172.5,404.3,101817.1,12168.3,1516.2,2202.1,9667.3,5231.5,3007.7,9471.5,4546.3,14967.4,4759.3,5838.9,4045.2,14747.4,9862.8,16081.6,25444.9,68166.8,26533.1,12626.9,24347.1,20079.9,61117.7,39190.9,26420.1,19047.8,33809.9,23451.7,504352.0,507571.9,676.1,508248.0,6172.5,127633.4,370327.5,
2011,áU,2011Q2,6287.6,403.6,97939.0,11778.5,1499.3,2163.7,9824.8,4892.4,2981.0,8291.5,4574.0,15265.0,4311.8,5770.8,3978.5,12793.5,9842.0,15984.4,24512.8,68823.2,26297.2,12702.6,24678.4,20062.9,61168.2,39645.1,26361.0,19147.1,33945.9,23952.7,501559.2,505145.9,-1195.9,503950.0,6287.6,122802.2,372241.3,
2011,áV,2011Q3,6365.1,390.8,106317.7,12337.0,1498.6,2173.4,9924.9,5087.3,3154.0,8976.4,4645.3,15613.9,4677.6,6054.9,4457.6,18241.2,10076.9,16088.2,24475.8,71347.1,27624.1,13023.7,24531.4,20331.1,61436.1,40086.9,26306.4,19164.9,34245.5,24138.6,515213.4,518668.1,-2528.9,516139.2,6365.1,131178.5,377627.3,
2011,áW,2011Q4,6353.6,403.8,106070.2,12495.2,1513.6,2263.4,9728.1,5232.9,3044.9,8890.8,4715.8,16257.4,4446.2,6111.4,3678.6,18442.9,10130.8,15981.1,24231.7,70825.2,27807.8,13271.3,24742.6,20256.4,61776.5,39907.4,26398.1,19186.9,34276.1,24400.9,514793.0,518232.2,-2879.2,515353.0,6353.6,130703.0,377944.4,
2012,áT,2012Q1,6433.8,395.5,109511.7,12889.3,1583.6,2061.5,10183.6,5517.4,2921.9,9695.1,4968.2,16121.4,4682.6,5903.0,4171.5,19219.3,10384.0,14255.2,24553.0,71934.9,28992.3,12743.5,24672.0,20277.1,61640.0,39337.2,26342.2,19124.9,35810.5,24409.0,518977.0,522282.4,439.5,522722.0,6433.8,134466.0,378770.4,
2012,áU,2012Q2,6063.7,377.1,106088.3,12078.8,1556.5,1975.3,10031.0,5503.9,2780.1,9741.9,4791.8,15574.7,4466.6,6201.7,3803.9,18060.0,10157.1,13678.9,24446.7,71032.0,28265.8,12367.3,24634.9,20330.5,61673.0,39786.4,26310.2,19144.8,35616.8,24017.9,512358.0,515869.5,1977.7,517847.2,6063.7,130930.6,376124.8,
2012,áV,2012Q3,6286.1,364.0,104060.2,12327.6,1543.4,1955.4,9983.8,5548.1,2819.3,9681.0,4712.3,15286.9,4249.1,5959.1,3640.8,16825.0,10040.4,13787.7,24334.3,71441.9,27909.3,12256.7,24735.2,20428.3,61887.4,40000.7,26315.7,19136.1,35906.8,23855.0,511279.5,514805.8,1021.1,515826.9,6286.1,128777.7,376943.0,
2012,áW,2012Q4,6183.6,373.9,101509.2,12439.9,1536.2,1962.2,9944.1,5680.8,2754.6,9035.8,4803.0,14793.3,4383.0,5999.0,3223.2,15335.6,9981.9,13852.0,24694.2,71981.7,27983.1,12243.8,24697.5,20972.2,62098.8,40581.2,26306.9,19106.7,36406.0,23865.7,511907.9,515226.2,180.2,515406.4,6183.6,126594.0,379588.9,
2013,áT,2013Q1,6151.3,419.0,101826.5,12245.4,1474.6,2024.1,10054.1,7097.2,2831.3,10100.1,4655.4,14220.4,4053.9,5856.5,3344.2,14224.8,10184.3,14840.7,25045.0,72525.1,27670.5,13286.9,25215.3,22142.8,62539.3,40264.2,26216.4,19058.5,37030.1,23542.5,517469.2,520742.2,1933.3,522675.5,6151.3,127287.2,384125.0,
2013,áU,2013Q2,6150.1,424.9,103207.0,12344.7,1476.8,2096.4,10197.1,7202.9,2917.1,10112.5,4718.1,14365.8,4235.4,5704.9,3502.0,14505.0,10443.1,14768.0,26119.8,73180.5,28326.6,13325.0,25511.7,22984.9,62751.7,41215.5,26065.8,19014.8,36957.4,23136.2,523311.2,526716.3,616.2,527332.5,6150.1,129750.0,387307.6,
2013,áV,2013Q3,6200.3,426.4,106489.8,12781.0,1471.9,2166.1,10310.0,7350.9,2972.4,9859.1,4870.6,14909.2,4545.8,5948.1,3760.3,15544.8,10708.5,15111.5,27107.6,72375.3,28710.3,13447.9,25653.2,22097.2,63199.2,41480.2,26053.2,18923.9,37349.6,23575.4,528304.6,531524.7,855.7,532380.4,6200.3,134024.0,387962.7,
2013,áW,2013Q4,6088.0,425.8,106890.9,12573.1,1442.9,2197.4,10360.7,7198.6,3018.8,9924.1,4943.1,15049.6,4242.6,6207.2,4003.8,15564.2,10845.1,14971.0,27494.5,72298.3,28663.2,13306.8,25728.1,22180.8,63418.5,41509.8,26015.2,18875.4,37341.2,23348.7,528733.6,532002.7,-350.2,531652.5,6088.0,134823.5,387701.7,
2014,áT,2014Q1,5772.9,415.5,106974.3,12702.2,1404.2,2133.6,10087.6,6237.1,3049.7,10150.1,5092.7,14970.9,4536.8,6730.1,3753.8,15554.1,10933.9,15606.4,27413.1,73240.7,29535.5,13683.0,25554.9,22141.2,63537.0,41009.1,26215.5,18967.4,37315.3,23469.9,530730.0,533998.8,2141.1,536140.0,5772.9,134830.9,390049.2,
2014,áU,2014Q2,5762.0,435.3,106786.4,12389.2,1401.5,2107.7,10090.8,6462.8,3069.4,10322.5,4758.0,15181.6,4752.8,6650.9,3786.2,15549.9,10632.6,15802.0,26683.7,67753.6,28502.7,13650.6,25338.2,21851.7,64110.2,41265.7,26049.9,18879.2,37466.7,22712.3,522758.1,525651.8,733.2,526385.0,5762.0,133933.1,383075.0,
2014,áV,2014Q3,5880.6,439.4,106855.2,12577.1,1417.1,2138.7,10166.0,6324.2,3030.5,10230.0,4797.5,15342.8,4996.7,6702.9,3618.7,15124.5,10674.7,15712.6,26566.3,67888.8,28993.2,13379.5,25611.8,22199.7,64077.4,41346.2,26117.9,18872.9,37826.2,23059.4,524586.0,527684.0,-789.2,526894.7,5880.6,133894.5,384822.9,
2014,áW,2014Q4,5756.3,434.9,107428.1,12868.8,1462.0,2221.1,10474.2,6297.0,3042.2,10054.6,4853.8,14798.4,5348.8,6704.2,3706.1,14969.7,10857.1,16142.5,27045.4,67737.0,29070.1,13314.9,26013.3,22912.2,64082.5,40805.5,26219.0,18905.5,37908.7,22920.6,526537.3,529710.5,-541.0,529169.5,5756.3,134952.4,385807.9,
2015,áT,2015Q1,5733.8,386.6,109871.9,12827.0,1613.8,2508.6,10988.5,4992.8,3063.2,10262.9,4942.4,16533.2,5276.9,6651.7,3823.9,15246.4,11155.3,15607.4,27376.8,69760.2,28320.2,12474.4,26623.3,22768.0,64437.1,42239.9,26319.2,18819.5,39124.2,22605.0,532656.5,535823.7,1714.4,537538.0,5733.8,137675.0,389175.9,
2015,áU,2015Q2,5587.9,438.0,111317.9,13384.8,1625.7,2544.2,11209.8,5637.2,3136.5,9698.0,5061.8,16209.9,5499.7,6645.4,3718.2,15707.8,11386.0,15799.9,27927.1,70384.7,28827.6,12880.8,26580.8,23187.1,64612.0,41888.6,26336.8,18752.7,39773.4,22933.8,537366.2,540380.2,-2161.2,538219.0,5587.9,139723.0,392013.8,
2015,áV,2015Q3,5463.1,417.8,109546.6,13273.7,1590.7,2527.9,11182.5,5166.7,3059.8,9788.8,5134.5,15475.4,5347.6,6468.3,3643.3,15663.8,11303.9,15370.6,27988.7,70366.8,28411.8,12767.7,26458.6,23294.0,64542.0,42207.3,26409.0,18806.8,39999.3,22401.6,534478.3,537605.3,1245.5,538850.7,5463.1,137998.4,391061.8,
2015,áW,2015Q4,5461.3,398.9,109499.2,13276.3,1582.0,2442.9,11591.2,5215.5,3023.8,9735.9,5076.0,15051.7,5490.6,6740.3,3541.1,15525.2,11246.7,14988.1,28263.5,70093.9,28286.8,12751.3,26793.1,22796.0,64701.4,42560.8,26528.9,18839.2,40697.7,22524.8,534797.4,537898.3,-113.1,537785.1,5461.3,138203.0,391410.3,
2016,áT,2016Q1,5290.0,374.3,109649.4,13552.6,1390.8,2656.5,12136.7,5230.8,2955.4,9901.4,4794.9,15289.3,5634.4,6396.4,3237.2,15695.5,10744.4,14770.1,28547.5,69234.8,28735.7,13242.6,26860.1,22470.1,64596.7,43398.2,26558.1,18806.1,42300.1,22544.8,536286.2,539886.4,2090.6,541977.0,5290.0,138596.9,393016.1,
2016,áU,2016Q2,5154.4,370.4,110044.2,13491.5,1360.8,2566.0,12432.2,5505.9,2896.2,10048.4,4769.5,15472.9,5736.5,6688.0,3216.1,15222.8,10568.2,15625.9,29082.4,68978.6,28426.5,13138.4,26917.8,22463.7,64767.7,43486.0,26567.4,18816.3,41200.1,22175.6,535754.7,538912.7,2096.9,541009.6,5154.4,139514.0,391881.8,
2016,áV,2016Q3,5025.0,384.3,110369.6,13362.0,1364.5,2525.6,12390.0,5241.2,2927.4,10004.9,4821.5,15534.7,5839.9,6812.1,3198.3,15627.9,10651.9,15595.1,29585.8,70054.1,28476.8,13291.8,26854.5,22451.6,64913.4,43786.2,26652.9,18866.8,41564.3,22020.6,538391.1,541847.1,344.6,542191.7,5025.0,140355.8,393826.0,
2016,áW,2016Q4,4989.5,394.7,110594.6,13361.7,1321.0,2532.9,12270.0,5304.8,2966.6,9807.2,4931.2,15763.5,6235.0,6916.8,3131.4,15368.4,10655.6,15611.1,29529.1,70233.5,28382.8,13233.2,26762.1,22609.0,64913.6,44457.6,26649.6,18847.4,41546.4,21978.4,539533.2,542948.0,-72.0,542876.1,4989.5,140540.9,394672.3,
2017,áT,2017Q1,5220.1,427.2,111970.5,13409.2,1324.6,2586.3,12007.2,5479.1,3107.7,9704.6,5235.0,16012.0,5872.3,7252.5,3056.5,15928.8,10985.0,16470.8,28952.3,71756.8,29098.5,13557.4,26890.2,22813.8,65205.3,43484.9,26751.4,18897.3,41365.8,21897.3,544269.7,547564.8,-358.7,547206.0,5220.1,141384.4,397989.3,
2017,áU,2017Q2,5105.4,407.0,113527.0,13736.3,1343.0,2637.6,12085.6,5316.5,3170.5,9726.2,5153.4,16685.2,5819.2,7538.5,3041.6,16147.8,11173.2,16495.0,30369.0,72172.9,29212.8,13642.3,26805.0,22925.1,65290.2,43342.0,26737.2,18878.4,41173.3,22651.8,548647.6,552092.8,-2788.2,549304.6,5105.4,144349.1,399341.0,
2017,áV,2017Q3,5181.9,392.5,115839.8,13745.5,1370.1,2715.3,12511.1,5427.5,3257.7,10044.8,5215.7,16974.1,5945.7,7682.3,3073.5,16569.3,11397.7,16594.4,29933.3,71739.6,29443.8,13695.1,27050.9,23052.0,65229.2,43507.9,26756.1,18855.2,41605.1,22238.3,551262.6,554400.0,-455.7,553944.3,5181.9,146215.2,399895.1,
2017,áW,2017Q4,5089.3,398.2,117505.8,13783.4,1376.9,2757.6,12563.8,5451.8,3256.2,10133.8,5358.7,17756.9,5673.0,7948.2,3065.6,16901.9,11535.7,17031.4,30119.4,71517.9,29196.5,13564.0,27257.6,23451.0,65244.0,43395.2,26805.1,18875.8,41762.0,22136.3,553478.3,556827.1,-2389.2,554437.9,5089.3,148070.0,400365.4,
2018,áT,2018Q1,4864.3,397.1,118434.3,13605.4,1474.9,2733.3,12620.6,5518.9,3047.2,9534.5,5524.5,17952.2,6560.1,8303.1,3172.2,16633.0,11817.1,17106.7,30075.2,69679.4,29053.1,13905.6,27425.2,23116.2,65093.4,43563.0,26837.0,18885.2,42809.6,22195.1,553328.2,556775.7,-1856.4,554919.2,4864.3,148938.2,399727.4,
2018,áU,2018Q2,4809.8,402.7,118852.9,13683.4,1497.7,2743.2,12880.3,5412.4,3102.1,9358.6,5514.5,17755.3,6897.8,8323.1,3166.1,16864.6,11744.1,16867.2,29559.4,70573.3,28827.1,13762.8,27465.4,23208.1,65477.9,43476.8,26853.7,18908.1,42196.3,21964.1,552953.1,556133.3,808.1,556941.5,4809.8,148833.3,399568.6,
2018,áV,2018Q3,4758.8,404.6,118628.6,13766.7,1495.5,2704.6,13121.9,5465.4,3148.1,9151.0,5317.7,18137.5,6751.8,8421.4,3096.0,16358.1,11791.9,17208.3,29520.8,69476.6,28500.9,13483.7,27572.0,23261.7,65477.5,43859.5,26952.5,18896.4,42408.4,21753.9,551877.1,554959.3,-981.9,553977.4,4758.8,148582.3,398799.9,
2018,áW,2018Q4,4781.1,387.5,118716.1,13382.5,1491.1,2691.5,13180.2,5341.2,3104.5,8933.9,5623.0,17990.3,6606.5,8454.3,3245.8,16932.2,11900.2,16776.2,29264.3,70393.2,28854.6,13279.1,27935.9,23010.4,65547.5,43725.0,26943.4,18900.2,42921.0,21924.9,553179.4,555954.1,-3019.1,552934.9,4781.1,148410.4,400189.6,
2019,áT,2019Q1,5119.7,386.3,117047.2,13705.6,1488.4,2668.9,14063.6,5179.0,3012.3,8686.0,5266.6,17774.0,6298.8,8000.5,2919.4,16365.2,11881.6,16603.1,29584.6,68607.5,29422.1,13149.5,27802.4,22865.0,66034.9,43677.8,27039.9,18951.3,43131.1,22406.8,551986.0,554908.8,-563.3,554345.5,5119.7,147118.0,399746.0,
2019,áU,2019Q2,4983.9,384.1,118653.3,13684.8,1478.8,2676.8,13834.1,5381.1,2974.7,8886.0,5360.1,17801.7,6287.3,8307.5,3226.9,17068.9,11954.2,16820.7,29732.9,69183.2,29070.0,13167.1,27997.5,22823.7,66100.9,44185.1,27013.7,18993.8,43271.8,22477.6,554910.1,557904.7,-1372.2,556532.6,4983.9,148862.2,401124.5,
2019,áV,2019Q3,4960.2,377.3,118339.3,13517.7,1481.9,2727.1,13926.9,5327.1,2892.3,8659.9,5320.3,17796.4,6622.1,8410.0,3120.7,16932.8,11901.6,16703.6,29245.8,69747.4,28446.4,12661.6,28095.2,22913.0,66095.1,44988.2,27116.5,19010.3,43508.1,22230.7,554230.7,557470.7,-58.0,557412.7,4960.2,148010.3,401406.4,
2019,áW,2019Q4,4987.1,359.5,112305.1,13494.1,1427.8,2516.1,13427.2,5292.6,2778.5,8370.9,5172.0,16346.4,6524.0,8109.6,2899.1,14621.6,11424.2,16425.4,28761.7,64295.9,27555.0,12088.3,27598.6,22684.7,66009.7,44371.3,27160.0,18962.7,43839.4,21761.2,538622.1,541983.5,-297.7,541685.9,4987.1,141459.1,392410.7,
2020,áT,2020Q1,4854.0,439.9,114558.4,12990.0,1387.0,2394.7,14407.5,5407.4,3061.4,8387.8,4740.4,16930.0,6698.0,7886.3,2762.7,16025.5,11711.7,15939.0,29289.6,67541.6,24145.9,10388.9,28146.0,23530.8,65891.2,46216.1,27076.3,19011.6,43703.8,21068.4,540312.2,543763.7,904.2,544668.0,4854.0,144240.8,391853.7,
2020,áU,2020Q2,4731.1,301.4,99458.9,12437.3,1269.1,2100.7,14230.4,4661.3,2726.4,6616.0,4316.2,15014.4,6739.0,6884.8,2572.8,10264.0,9752.9,15793.6,29071.1,61243.9,18439.8,5581.3,27703.0,23604.7,65530.5,41999.1,27185.8,18655.5,41968.8,16908.0,496285.0,500104.7,2686.1,502790.8,4731.1,128952.3,363153.1,
2020,áV,2020Q3,4717.0,339.1,109758.5,12926.2,1240.6,2196.6,14621.9,4884.4,2798.9,7321.2,4718.0,14989.7,7502.5,7358.7,2823.7,15909.2,11038.6,16229.6,29044.6,64591.8,19849.7,8264.0,28303.7,23949.0,65683.5,42998.6,27300.3,18851.9,43855.7,19800.3,521483.7,524965.3,5078.0,530043.2,4717.0,139097.2,378402.3,
2020,áW,2020Q4,4980.0,375.0,115395.5,12455.0,1243.4,2286.4,14566.7,5219.1,2916.7,7990.9,5041.5,16773.4,7027.3,8291.8,3044.9,17195.7,11865.0,16370.6,29429.3,66870.4,21331.9,8751.6,28282.2,24283.6,65660.7,44044.1,27344.3,18898.4,44539.9,20433.8,535220.8,538738.1,718.1,539456.2,4980.0,145117.4,385777.6,
2021,áT,2021Q1,5155.4,341.6,120249.8,13115.3,1380.1,2420.8,14303.0,5047.5,3110.1,9094.6,5414.0,16927.2,8879.5,8621.4,3189.6,17417.4,11997.9,16396.4,29426.3,66638.2,21290.7,7064.7,28491.7,24988.5,64857.7,44328.1,27315.9,18884.2,44453.2,20083.1,538592.8,542032.2,-622.5,541409.8,5155.4,149925.2,383945.3,
2021,áU,2021Q2,5093.0,344.3,121155.6,13083.2,1405.0,2437.7,14463.5,5005.6,3118.3,9205.8,5327.2,17874.4,9156.9,8465.6,3100.5,17236.0,12047.8,16282.1,29067.5,66533.8,21112.8,6340.5,28145.3,25559.2,64657.6,44652.2,27455.8,18725.1,44739.5,19731.2,538567.8,542213.1,1736.8,543949.9,5093.0,150478.2,383223.3,
2021,áV,2021Q3,5125.4,346.3,119601.0,13103.0,1399.5,2449.6,14446.2,5050.9,3127.1,9343.1,5250.6,17814.9,9204.0,8436.0,2905.7,15924.7,11808.3,16175.6,29053.4,67706.7,21018.6,5921.3,28362.7,26097.9,64622.6,45415.9,27384.1,18688.5,45666.4,19639.2,540095.5,543472.6,-1652.2,541820.4,5125.4,148941.9,386049.0,
2021,áW,2021Q4,5104.5,325.3,121784.7,13135.0,1400.5,2489.8,14642.6,5535.8,3145.7,9395.0,5175.8,18987.5,9374.3,8636.3,2836.0,16037.1,11655.3,16497.0,29050.2,70004.5,22615.7,7552.9,29031.6,26851.4,64669.0,45674.2,27422.7,18753.7,45713.7,19991.1,550478.0,553581.4,-4930.7,548650.7,5104.5,151049.0,394285.4,
2022,áT,2022Q1,5510.9,306.5,117980.6,12994.0,1322.5,2341.1,14255.9,5289.9,2989.4,8976.0,4963.3,18672.8,9182.8,8231.9,2856.2,15418.8,11167.6,17379.9,27588.4,72247.4,23311.8,7504.8,28415.4,27611.6,64380.0,45764.3,27607.3,18780.6,46020.0,19784.3,549674.4,552869.5,-6898.7,545970.8,5510.9,145669.8,398211.3,
2022,áU,2022Q2,5674.8,317.9,118820.9,13193.8,1349.1,2374.0,14136.7,5487.4,3054.1,9106.4,5102.0,18939.4,8988.2,8145.4,2832.1,15366.2,11236.6,17491.6,27671.6,72375.6,24576.2,9085.8,29227.6,27737.2,64620.0,46006.9,27709.7,18871.6,47050.8,20181.5,556825.6,559853.1,-7806.9,552046.1,5674.8,146564.3,404268.2,
2022,áV,2022Q3,5690.0,289.9,121201.7,13205.8,1343.6,2393.0,14041.5,5486.8,2958.9,8886.0,5033.9,19881.6,9212.0,8274.8,2795.7,17279.8,11200.7,17377.5,28001.6,70693.8,24760.5,8513.4,28798.9,27997.3,64497.8,46007.8,27693.7,18832.0,47017.3,19873.3,556328.2,559110.8,-8879.3,550231.5,5690.0,149206.0,401257.2,
2022,áW,2022Q4,5796.5,266.3,119864.3,13510.8,1334.7,2350.0,14233.5,5509.1,2923.1,8970.4,4920.1,18528.6,8762.9,8446.7,2763.8,17020.7,11304.0,17197.9,28412.9,70680.6,25568.0,8971.9,29235.6,28350.0,64729.5,46172.8,27778.8,18820.9,47643.7,20264.4,558964.1,562108.1,-9675.6,552432.5,5796.5,148328.1,404577.3,
2023,áT,2023Q1,5949.6,258.7,124409.9,14048.9,1317.9,2415.8,14797.5,6428.4,2909.3,9400.6,4960.2,18994.4,8948.0,8532.4,2879.4,18529.7,11470.5,17592.5,29611.4,70275.3,25672.5,9542.1,29533.4,28767.8,65155.4,47391.6,27649.2,18887.3,48803.9,20347.2,568672.4,571033.0,-11569.2,559463.9,5949.6,154087.9,408634.3,
2023,áU,2023Q2,5911.9,266.9,125486.6,13827.8,1349.2,2394.6,15147.6,6361.4,2893.5,9379.8,4858.3,18554.9,9058.3,8604.5,3018.2,19945.4,11520.3,17528.5,28980.5,69403.1,25924.9,9711.1,29707.8,29067.5,65326.7,47353.2,27694.9,18837.4,48662.1,20245.7,568708.5,570723.4,-7418.9,563304.5,5911.9,154429.5,408381.9,
2023,áV,2023Q3,5845.3,278.2,124626.7,13925.0,1341.1,2384.5,14697.1,6415.1,2902.6,9305.4,4804.8,17799.3,8722.7,8197.9,3101.5,20783.5,11626.7,17973.2,28277.6,70021.4,26155.1,9393.5,29606.5,29361.8,65181.3,46686.5,27675.1,18819.0,48898.1,20158.5,567497.0,569690.9,-12489.3,557201.6,5845.3,152824.7,408718.2,
2023,áW,2023Q4,5755.8,277.3,122844.7,13685.7,1333.6,2283.5,14328.6,6251.5,2793.8,8925.8,4761.5,17643.4,8983.3,8421.3,3115.3,20381.3,11414.8,17410.4,27739.1,68815.8,25945.0,9464.8,29189.5,29104.3,65117.1,47219.6,27824.4,18802.0,48861.4,19986.0,563121.0,565499.2,-8001.2,557498.0,5755.8,150496.0,406653.4,
2024,áT,2024Q1,5688.6,309.2,118751.9,13856.7,1225.6,2324.4,14430.7,6118.3,2811.6,8728.6,4534.2,17484.9,8868.4,8061.2,3004.3,17759.8,10904.4,17745.2,27638.5,68343.2,26174.0,9522.1,29491.2,29653.9,65276.1,46678.1,27670.1,18846.8,49364.8,20060.3,560001.5,561746.4,-7605.1,554141.4,5688.6,146440.7,407463.8,
2024,áU,2024Q2,5553.4,281.8,122089.9,13917.2,1336.1,2308.5,14422.2,6294.6,2824.2,9001.4,4645.3,17688.3,9046.8,8007.1,2913.6,19843.1,11249.9,17740.6,28085.1,69333.4,26017.3,9761.9,29526.5,29988.1,65388.8,46487.2,27707.4,18797.9,49361.0,19918.1,564725.5,567302.1,-9240.9,558061.2,5553.4,150140.8,408766.2,
,,,,,,,,,,,,,,,,,,,,,,,,,,,,,,,,,,,,,,,,
ÅiîıçlÅj,ÇPÅDîNó¶ä∑éZÇ≈ï\é¶ÇµÇƒÇ¢ÇÈÅB,,,,,,,,,,,,,,,,,,,,,,,,,,,,,,,,,,,,,,,
,ÇQÅDÅuìùåvè„ÇÃïsìÀçáÅvÇÕÅuçëì‡ëçê∂éYÅiéxèoë§ÅjÅvÅ|ÅuçáåvÅvÇ…ÇÊÇËãÅÇﬂÇƒÇ¢ÇÈÅB,,,,,,,,,,,,,,,,,,,,,,,,,,,,,,,,,,,,,,,
,ÇRÅDÅuçáåvÅvÇÕÅAÅuè¨åvÅvÅ{ÅuóAì¸ïiÇ…â€Ç≥ÇÍÇÈê≈ÅEä÷ê≈ÅvÅ|Åuëçéëñ{å`ê¨Ç…åWÇÈè¡îÔê≈ÅvÇ…ÇÊÇËãÅÇﬂÇƒÇ®ÇËÅiòAçΩï˚éÆÇ≈ìùçáÇµÇƒÇ¢ÇÈÅBÅjÅAîNéüêÑåvÇ…Ç®ÇØÇÈÅuçëì‡ëçê∂éYÅiïsìÀçáÇä‹Ç‹Ç∏ÅjÅvÇ…ëŒâûÇ∑ÇÈÅB,,,,,,,,,,,,,,,,,,,,,,,,,,,,,,,,,,,,,,,
,,,,,,,,,,,,,,,,,,,,,,,,,,,,,,,,,,,,,,,,
(note),1. Annualized.,,,,,,,,,,,,,,,,,,,,,,,,,,,,,,,,,,,,,,,
,"2. ""Statistical discrepancy"" is calculated as ""Gross domestic product(Expenditure Approach)"" - ""Gross domestic product (not including statistical discrepancy).""",,,,,,,,,,,,,,,,,,,,,,,,,,,,,,,,,,,,,,,
,"3. ""Gross domestic product (not including statistical discrepancy)"" includes Taxes and duties on imports less Consumption taxes for gross capital formation in addition to ""Sub-total.""",,,,,,,,,,,,,,,,,,,,,,,,,,,,,,,,,,,,,,,
