"ReporterISO3","ReporterName","Year","Exports (% of GDP)","Exports G&S (Current USD)","Imports (% of GDP)","Imports G&S (Current USD)","Trade Balance (% of GDP)","Trade Balance G&S (Current USD)"
"CHN","China",1988,11.0149,34405453824,12.0106,37515628544,-0.9957,-3110174720
"CHN","China",1989,9.0273,31394222080,10.1074,35150176256,-1.08,-3755954176
"CHN","China",1990,12.4516,44932591616,9.7479,35175964672,2.7037,9756626944
"CHN","China",1991,13.4364,51511463936,10.63,40752443392,2.8064,10759020544
"CHN","China",1992,13.5555,57870749696,12.542,53543907328,1.0135,4326842368
"CHN","China",1993,11.9979,53358342144,13.9025,61828976640,-1.9047,-8470634496
"CHN","China",1994,18.5367,104606924800,17.2331,97249959936,1.3037,7356964864
"CHN","China",1995,17.9525,131858563072,16.3244,119900585984,1.6281,11957977088
"CHN","China",1996,17.9233,154812350464,15.8914,137262292992,2.0318,17550057472
"CHN","China",1997,19.4932,187446657024,15.0399,144623534080,4.4533,42823122944
"CHN","China",1998,18.3421,188751347712,14.0822,144914432000,4.2599,43836915712
"CHN","China",1999,18.1625,198699401216,15.3617,168058437632,2.8008,30640963584
"CHN","China",2000,20.8937,253091954688,18.5173,224306118656,2.3764,28785836032
"CHN","China",2001,20.3121,272061054976,18.2152,243974717440,2.0969,28086337536
"CHN","China",2002,22.6447,333004013568,20.1027,295621165056,2.5421,37382848512
"CHN","China",2003,26.9808,447956254720,24.8232,412135292928,2.1575,35820961792
"CHN","China",2004,31.0613,607356846080,28.4442,556182470656,2.6172,51174375424
"CHN","China",2005,33.8299,773337448448,28.378,648710914048,5.4518,124626534400
"CHN","China",2006,36.035,991726600192,28.4439,782808711168,7.5912,208917889024
"CHN","China",2007,35.4348,1258051469312,26.7586,950016737280,8.6762,308034732032
"CHN","China",2008,32.6027,1497878495232,25.01,1149043736576,7.5927,348834758656
"CHN","China",2009,24.7499,1262661140480,20.435,1042531287040,4.3148,220129853440
"CHN","China",2010,27.1853,1654823321600,23.5317,1432422449152,3.6536,222400872448
"CHN","China",2011,26.5682,2006308880384,24.1727,1825413529600,2.3955,180895350784
"CHN","China",2012,25.4925,2175069323264,22.775,1943205314560,2.7175,231864008704
"CHN","China",2013,24.5993,2354264408064,22.1451,2119392296960,2.4541,234872111104
"CHN","China",2014,23.5101,2462825840640,21.3952,2241276149760,2.1149,221549690880
"CHN","China",2015,21.3541,2362097270784,18.1101,2003260801024,3.244,358836469760
"CHN","China",2016,19.5844,2199974838272,17.31,1944490606592,2.2743,255484231680
"CHN","China",2017,19.6923,2424215961600,17.9401,2208518897664,1.7521,215697063936
"CHN","China",2018,19.1121,2655609159680,18.4537,2564121952256,0.6584,91487207424
"CHN","China",2019,18.41,2628940988416,17.4801,2496153255936,0.9299,132787732480
"CHN","China",2020,18.5861,2729884516352,16.1682,2374737330176,2.418,355147186176
"CHN","China",2021,19.944,3554107719680,17.358,3093278228480,2.586,460829491200
"CHN","China",2022,20.677,3714245197824,17.4668,3137594195968,3.2102,576651001856
"HKG","Hong Kong, China",1988,120.1332,71728414720,111.2072,66398924800,8.926,5329489920
"HKG","Hong Kong, China",1989,118.3292,81398947840,106.8664,73513607168,11.4629,7885340672
"HKG","Hong Kong, China",1990,117.2691,90213679104,108.7312,83645562880,8.5379,6568116224
"HKG","Hong Kong, China",1991,119.3324,106158063616,112.5328,100109164544,6.7996,6048899072
"HKG","Hong Kong, China",1992,122.6665,127907414016,117.4663,122485080064,5.2002,5422333952
"HKG","Hong Kong, China",1993,120.3577,144855531520,113.6115,136736161792,6.7462,8119369728
"HKG","Hong Kong, China",1994,119.2926,162013396992,118.1354,160441794560,1.1572,1571602432
"HKG","Hong Kong, China",1995,126.2086,182563651584,130.6897,189045571584,-4.481,-6481920000
"HKG","Hong Kong, China",1996,121.6845,194352283648,123.1693,196723687424,-1.4847,-2371403776
"HKG","Hong Kong, China",1997,115.0415,204029706240,118.3988,209984045056,-3.3573,-5954338816
"HKG","Hong Kong, China",1998,110.8347,187183677440,110.2986,186278232064,0.5361,905445376
"HKG","Hong Kong, China",1999,112.7186,186851426304,107.5537,178289786880,5.1648,8561639424
"HKG","Hong Kong, China",2000,126.0315,216356814848,121.6226,208788111360,4.4089,7568703488
"HKG","Hong Kong, China",2001,122.7697,207977168896,118.0793,200031420416,4.6904,7945748480
"HKG","Hong Kong, China",2002,132.0768,219708211200,123.9197,206139015168,8.1571,13569196032
"HKG","Hong Kong, China",2003,150.776,243330662400,141.6787,228648927232,9.0973,14681735168
"HKG","Hong Kong, China",2004,167.7759,283708653568,159.0652,268978814976,8.7107,14729838592
"HKG","Hong Kong, China",2005,177.4529,322200010752,165.2363,300018401280,12.2166,22181609472
"HKG","Hong Kong, China",2006,185.1852,358398918656,174.0235,336797138944,11.1617,21601779712
"HKG","Hong Kong, China",2007,186.4124,394442964992,175.7371,371854245888,10.6754,22588719104
"HKG","Hong Kong, China",2008,193.4152,424118353920,183.2416,401809932288,10.1736,22308421632
"HKG","Hong Kong, China",2009,178.1351,381294149632,170.2625,364443140096,7.8726,16851009536
"HKG","Hong Kong, China",2010,205.3226,469446885376,199.448,456015183872,5.8746,13431701504
"HKG","Hong Kong, China",2011,212.8524,528967237632,209.0023,519399145472,3.8501,9568092160
"HKG","Hong Kong, China",2012,215.8496,566883319808,214.719,563914014720,1.1306,2969305088
"HKG","Hong Kong, China",2013,221.6101,610972008448,221.01,609317552128,0.6001,1654456320
"HKG","Hong Kong, China",2014,213.0904,621073268736,212.8855,620475908096,0.205,597360640
"HKG","Hong Kong, China",2015,195.8976,606079025152,193.5083,598687023104,2.3893,7392002048
"HKG","Hong Kong, China",2016,187.0051,600025268224,184.7221,592699916288,2.283,7325351936
"HKG","Hong Kong, China",2017,188.9024,644673437696,187.8933,641229520896,1.0091,3443916800
"HKG","Hong Kong, China",2018,188.3395,681282502656,188.5533,682055761920,-0.2138,-773259264
"HKG","Hong Kong, China",2019,177.6513,645006753792,176.0922,639346016256,1.5591,5660737536
"HKG","Hong Kong, China",2020,176.3045,608150224896,174.3752,601495371776,1.9293,6654853120
"HKG","Hong Kong, China",2021,204.0392,752723951616,198.4697,732177367040,5.5695,20546584576
"HKG","Hong Kong, China",2022,193.8611,697587073024,189.9298,683440734208,3.9313,14146338816
"IDN","Indonesia",1988,25.0417,21110163456,22.2129,18725515264,2.8288,2384648192
"IDN","Indonesia",1989,26.0876,24640067584,22.9943,21718472704,3.0932,2921594880
"IDN","Indonesia",1990,27.3058,28982532096,25.5861,27157274624,1.7197,1825257472
"IDN","Indonesia",1991,28.3513,33063806976,26.4883,30891188224,1.863,2172618752
"IDN","Indonesia",1992,30.3075,38801727488,27.12,34720874496,3.1875,4080852992
"IDN","Indonesia",1993,26.7548,42274398208,23.7686,37555937280,2.9862,4718460928
"IDN","Indonesia",1994,26.5114,46896631808,25.3657,44869881856,1.1458,2026749952
"IDN","Indonesia",1995,26.3122,53185314816,27.6464,55882280960,-1.3343,-2696966144
"IDN","Indonesia",1996,25.8246,58717200384,26.4402,60116979712,-0.6156,-1399779328
"IDN","Indonesia",1997,27.8592,60106039296,28.1346,60700151808,-0.2754,-594112512
"IDN","Indonesia",1998,52.9681,50555727872,43.2181,41249710080,9.7501,9306017792
"IDN","Indonesia",1999,35.5141,49720258560,27.4298,38402068480,8.0843,11318190080
"IDN","Indonesia",2000,40.9773,67621171200,30.4596,50264686592,10.5177,17356484608
"IDN","Indonesia",2001,39.0321,62625873920,30.7611,49355194368,8.2711,13270679552
"IDN","Indonesia",2002,32.6876,63956799488,26.3918,51638435840,6.2958,12318363648
"IDN","Indonesia",2003,30.4777,71553138688,23.1388,54323621888,7.3388,17229516800
"IDN","Indonesia",2004,32.2167,82744352768,27.5446,70744686592,4.6721,11999666176
"IDN","Indonesia",2005,34.0673,97387626496,29.9207,85533802496,4.1466,11853824000
"IDN","Indonesia",2006,31.0347,113143422976,25.6224,93411753984,5.4123,19731668992
"IDN","Indonesia",2007,29.4357,127226101760,25.3935,109755097088,4.0422,17471004672
"IDN","Indonesia",2008,29.8083,152090394624,28.7531,146706628608,1.0552,5383766016
"IDN","Indonesia",2009,24.1591,130357796864,21.353,115216547840,2.8061,15141249024
"IDN","Indonesia",2010,24.299,183480565760,22.4022,169158033408,1.8968,14322532352
"IDN","Indonesia",2011,26.3274,235095130112,23.8527,212996882432,2.4747,22098247680
"IDN","Indonesia",2012,24.5944,225744404480,24.9885,229362106368,-0.3941,-3617701888
"IDN","Indonesia",2013,23.9236,218308411392,24.7138,225519353856,-0.7902,-7210942464
"IDN","Indonesia",2014,23.666,210820087808,24.4142,217485213696,-0.7482,-6665125888
"IDN","Indonesia",2015,21.1602,182158295040,20.7775,178863652864,0.3827,3294642176
"IDN","Indonesia",2016,19.089,177886019584,18.3323,170835001344,0.7566,7051018240
"IDN","Indonesia",2017,20.1773,204924485632,19.1782,194777317376,0.9991,10147168256
"IDN","Indonesia",2018,21.0027,218905640960,22.0716,230045614080,-1.0688,-11139973120
"IDN","Indonesia",2019,18.5915,208057761792,19.0362,213034647552,-0.4447,-4976885760
"IDN","Indonesia",2020,17.3312,183546576896,15.641,165646843904,1.6902,17899732992
"IDN","Indonesia",2021,21.4081,254008541184,18.7896,222939955200,2.6185,31068585984
"IDN","Indonesia",2022,24.4924,323079962624,20.9009,275703234560,3.5916,47376728064
"JPN","Japan",1988,9.5748,294106202112,7.6109,233782362112,1.9639,60323840000
"JPN","Japan",1989,10.1121,308916617216,8.7604,267623350272,1.3517,41293266944
"JPN","Japan",1990,10.2204,320186482688,9.443,295830945792,0.7774,24355536896
"JPN","Japan",1991,9.7869,350804475904,8.2879,297072164864,1.4991,53732311040
"JPN","Japan",1992,9.6934,378894548992,7.6377,298544037888,2.0556,80350511104
"JPN","Japan",1993,9.0796,404419018752,6.936,308939620352,2.1436,95479398400
"JPN","Japan",1994,8.8398,441885032448,6.9705,348440133632,1.8693,93444898816
"JPN","Japan",1995,8.8165,488923103232,7.5736,420000825344,1.2428,68922277888
"JPN","Japan",1996,9.3157,458650779648,8.9381,440058970112,0.3776,18591809536
"JPN","Japan",1997,10.3837,466482331648,9.3998,422282297344,0.9839,44200034304
"JPN","Japan",1998,10.3738,425156214784,8.6294,353663287296,1.7444,71492927488
"JPN","Japan",1999,9.8055,454583025664,8.3201,385717960704,1.4854,68865064960
"JPN","Japan",2000,10.4635,519863959552,9.0989,452064903168,1.3646,67799056384
"JPN","Japan",2001,10.0768,440830787584,9.4828,414845206528,0.594,25985581056
"JPN","Japan",2002,10.8554,454066503680,9.5917,401205002240,1.2638,52861501440
"JPN","Japan",2003,11.4658,518204129280,9.8603,445643554816,1.6055,72560574464
"JPN","Japan",2004,12.7863,625646764032,10.8781,532277493760,1.9082,93369270272
"JPN","Japan",2005,13.8159,667510374400,12.4141,599781081088,1.4018,67729293312
"JPN","Japan",2006,15.6574,720499507200,14.359,660752826368,1.2984,59746680832
"JPN","Japan",2007,17.2891,791798743040,15.5275,711118422016,1.7617,80680321024
"JPN","Japan",2008,17.2355,880163946496,16.8939,862718984192,0.3416,17444962304
"JPN","Japan",2009,12.4196,656932143104,11.9706,633184190464,0.449,23747952640
"JPN","Japan",2010,14.9185,859167326208,13.58,782080147456,1.3385,77087178752
"JPN","Japan",2011,14.7745,920913969152,15.4205,961182367744,-0.646,-40268398592
"JPN","Japan",2012,14.4148,904146976768,16.0561,1007099183104,-1.6414,-102952206336
"JPN","Japan",2013,15.7842,822722035712,18.1946,948362870784,-2.4105,-125640835072
"JPN","Japan",2014,17.4187,852990558208,20.0128,980024688640,-2.5941,-127034130432
"JPN","Japan",2015,17.4368,775051870208,17.9906,799671844864,-0.5539,-24619974656
"JPN","Japan",2016,16.058,803488989184,15.2523,763174780928,0.8057,40314208256
"JPN","Japan",2017,17.5914,867405266944,16.8318,829947445248,0.7597,37457821696
"JPN","Japan",2018,18.3149,923234598912,18.295,922228490240,0.02,1006108672
"JPN","Japan",2019,17.4635,893782196224,17.7529,908591890432,-0.2894,-14809694208
"JPN","Japan",2020,15.5494,785057644544,15.8185,798645157888,-0.2691,-13587513344
"JPN","Japan",2021,18.2016,911086649344,18.7389,937984917504,-0.5374,-26898268160
"KHM","Cambodia",1993,16.0571,406842496,32.6672,827697472,-16.6101,-420854976
"KHM","Cambodia",1994,25.792,719965824,38.6761,1079617536,-12.8841,-359651712
"KHM","Cambodia",1995,31.1842,1073111808,46.5825,1603001216,-15.3984,-529889408
"KHM","Cambodia",1996,25.364,889438528,43.7976,1535847168,-18.4336,-646408640
"KHM","Cambodia",1997,33.6169,1157570048,45.3177,1560476032,-11.7008,-402905984
"KHM","Cambodia",1998,31.2381,974763072,44.3813,1384886272,-13.1432,-410123200
"KHM","Cambodia",1999,40.5442,1426037376,53.6327,1886392192,-13.0885,-460354816
"KHM","Cambodia",2000,49.8462,1821397248,61.7633,2256850432,-11.9171,-435453184
"KHM","Cambodia",2001,52.5412,2093243520,61.5998,2454136576,-9.0586,-360893056
"KHM","Cambodia",2002,55.4221,2374299904,64.2708,2753379584,-8.8487,-379079680
"KHM","Cambodia",2003,56.5205,2632862976,66.5603,3100545024,-10.0399,-467682048
"KHM","Cambodia",2004,63.6059,3395176704,70.9055,3784818432,-7.2996,-389641728
"KHM","Cambodia",2005,64.0847,4032880128,72.7472,4578016256,-8.6625,-545136128
"KHM","Cambodia",2006,68.5932,4989881344,76.0212,5530235392,-7.428,-540354048
"KHM","Cambodia",2007,65.326,5643664384,72.9422,6301646848,-7.6162,-657982464
"KHM","Cambodia",2008,65.5433,6784980992,67.777,7016217600,-2.2338,-231236608
"KHM","Cambodia",2009,49.2208,5119870976,55.9177,5816477696,-6.6969,-696606720
"KHM","Cambodia",2010,54.0828,6080135168,59.5209,6691507200,-5.4382,-611372032
"KHM","Cambodia",2011,54.0808,6938312704,59.5011,7633716736,-5.4203,-695404032
"KHM","Cambodia",2012,57.8898,8136083968,62.7077,8813214720,-4.8179,-677130752
"KHM","Cambodia",2013,62.3879,9500429312,67.6586,10303038464,-5.2706,-802609152
"KHM","Cambodia",2014,62.6035,10456414208,67.0088,11192212480,-4.4053,-735798272
"KHM","Cambodia",2015,61.7184,11140147200,66.1456,11939258368,-4.4272,-799111168
"KHM","Cambodia",2016,61.2815,12266568704,65.6685,13144698880,-4.387,-878130176
"KHM","Cambodia",2017,60.682,13457559552,64.1058,14216875008,-3.4239,-759315456
"KHM","Cambodia",2018,61.5957,15135150080,63.3029,15554628608,-1.7072,-419478528
"KHM","Cambodia",2019,61.0913,16549259264,62.4652,16921449472,-1.3739,-372190208
"KHM","Cambodia",2020,61.0418,15793225728,62.4612,16160457728,-1.4194,-367232000
"KHM","Cambodia",2021,64.6025,17417508864,67.6114,18228762624,-3.009,-811253760
"KHM","Cambodia",2022,77.5818,23240994816,84.8311,25412661248,-7.2493,-2171666432
"KOR","Korea, Rep.",1988,32.4893,64845586432,26.2144,52321488896,6.2749,12524097536
"KOR","Korea, Rep.",1989,27.3586,67555774464,25.5551,63102492672,1.8035,4453281792
"KOR","Korea, Rep.",1990,24.9943,70825844736,25.756,72984059904,-0.7616,-2158215168
"KOR","Korea, Rep.",1991,23.7766,78616895488,26.0485,86129000448,-2.2719,-7512104960
"KOR","Korea, Rep.",1992,24.0724,85583421440,24.687,87768653824,-0.6146,-2185232384
"KOR","Korea, Rep.",1993,23.6725,92953763840,23.2462,91279974400,0.4263,1673789440
"KOR","Korea, Rep.",1994,24.0708,111596617728,24.5951,114027380736,-0.5243,-2430763008
"KOR","Korea, Rep.",1995,25.7243,145749344256,26.7398,151503110144,-1.0155,-5753765888
"KOR","Korea, Rep.",1996,24.802,151334076416,27.852,169944432640,-3.05,-18610356224
"KOR","Korea, Rep.",1997,28.3455,161499856896,29.1775,166240256000,-0.832,-4740399104
"KOR","Korea, Rep.",1998,39.5367,151556325376,28.9608,111015665664,10.5759,40540659712
"KOR","Korea, Rep.",1999,32.5908,162143469568,27.1719,135183794176,5.4189,26959675392
"KOR","Korea, Rep.",2000,33.9392,195550068736,32.156,185275777024,1.7832,10274291712
"KOR","Korea, Rep.",2001,31.7877,174088175616,30.4361,166685573120,1.3517,7402602496
"KOR","Korea, Rep.",2002,29.7728,186748436480,28.5803,179268714496,1.1925,7479721984
"KOR","Korea, Rep.",2003,31.3978,220638052352,29.7768,209246486528,1.6211,11391565824
"KOR","Korea, Rep.",2004,36.7543,291526213632,33.2614,263820935168,3.493,27705278464
"KOR","Korea, Rep.",2005,35.2831,329861922816,33.0417,308907474944,2.2414,20954447872
"KOR","Korea, Rep.",2006,35.6264,375223451648,35.0255,368894017536,0.601,6329434112
"KOR","Korea, Rep.",2007,37.3922,438465986560,36.4823,427797151744,0.9098,10668834816
"KOR","Korea, Rep.",2008,47.6419,498972065792,47.8745,501407973376,-0.2326,-2435907584
"KOR","Korea, Rep.",2009,45.1854,426523459584,40.9483,386527854592,4.2371,39995604992
"KOR","Korea, Rep.",2010,47.1037,538898300928,44.2959,506774290432,2.8079,32124010496
"KOR","Korea, Rep.",2011,53.3377,668440723456,52.2286,654540603392,1.1091,13900120064
"KOR","Korea, Rep.",2012,54.0941,691553304576,51.3643,656655122432,2.7298,34898182144
"KOR","Korea, Rep.",2013,51.2921,703109267456,46.66,639613534208,4.632,63495733248
"KOR","Korea, Rep.",2014,47.8314,709970493440,42.783,635036172288,5.0484,74934321152
"KOR","Korea, Rep.",2015,42.9896,630129491968,36.1429,529773428736,6.8466,100356063232
"KOR","Korea, Rep.",2016,40.1327,602034536448,33.4712,502104719360,6.6615,99929817088
"KOR","Korea, Rep.",2017,40.9342,664731189248,36.1867,587636539392,4.7475,77094649856
"KOR","Korea, Rep.",2018,41.7133,719489859584,37.2756,642946105344,4.4377,76543754240
"KOR","Korea, Rep.",2019,39.2759,648610578432,36.4813,602460192768,2.7946,46150385664
"KOR","Korea, Rep.",2020,36.3596,597865398272,32.6745,537270222848,3.6851,60595175424
"KOR","Korea, Rep.",2021,42.0355,761244286976,38.4568,696436457472,3.5787,64807829504
"KOR","Korea, Rep.",2022,48.2565,803589586944,48.5265,808086011904,-0.27,-4496424960
"LAO","Lao PDR",1988,13.6286,81630152,31.8995,191065568,-18.2709,-109435416
"LAO","Lao PDR",1989,12.1307,86618704,31.9962,228467536,-19.8655,-141848832
"LAO","Lao PDR",1990,11.3288,98057232,24.5184,212221824,-13.1897,-114164592
"LAO","Lao PDR",1991,12.9537,133175704,25.2286,259372160,-12.2749,-126196456
"LAO","Lao PDR",1992,17.0258,192017648,27.105,305692096,-10.0792,-113674448
"LAO","Lao PDR",1993,21.4616,284956384,31.1672,413821984,-9.7056,-128865600
"LAO","Lao PDR",1994,24.9869,385700000,39.8223,614700032,-14.8354,-229000032
"LAO","Lao PDR",1995,23.2204,409500000,37.3341,658400000,-14.1137,-248900000
"LAO","Lao PDR",1996,22.6987,425300000,41.0584,769300032,-18.3597,-344000032
"LAO","Lao PDR",1997,23.8922,417400000,41.2647,720900032,-17.3725,-303500032
"LAO","Lao PDR",1998,36.4559,466700000,47.8137,612099968,-11.3578,-145399968
"LAO","Lao PDR",1999,35.8758,521789248,44.1826,642605504,-8.3068,-120816256
"LAO","Lao PDR",2000,30.662,530820000,38.1753,660889984,-7.5133,-130069984
"LAO","Lao PDR",2001,27.8732,492969984,38.0263,672540032,-10.1531,-179570048
"LAO","Lao PDR",2002,28.7525,505520000,38.5024,676940032,-9.7499,-171420032
"LAO","Lao PDR",2003,23.5004,475489984,37.0717,750080000,-13.5712,-274590016
"LAO","Lao PDR",2004,24.9121,589520000,41.1676,974190016,-16.2555,-384670016
"LAO","Lao PDR",2005,28.9637,792320000,42.8289,1171609984,-13.8652,-379289984
"LAO","Lao PDR",2006,38.1551,1318269952,43.8063,1513521408,-5.6512,-195251456
"LAO","Lao PDR",2007,33.6143,1419583616,45.5983,1925686272,-11.984,-506102656
"LAO","Lao PDR",2008,33.1541,1805715072,48.6951,2652146688,-15.541,-846431616
"LAO","Lao PDR",2009,30.0831,1755689472,46.8478,2734099712,-16.7647,-978410240
"LAO","Lao PDR",2010,35.384,2523508736,49.3363,3518554112,-13.9523,-995045376
"LAO","Lao PDR",2011,40.3432,3530069504,51.3555,4493664768,-11.0124,-963595264
"LAO","Lao PDR",2012,37.8767,3860717824,60.3084,6147143680,-22.4317,-2286425856
"LAO","Lao PDR",2013,38.1731,4574379520,60.006,7190675968,-21.8329,-2616296448
"LAO","Lao PDR",2014,40.7545,5411897344,58.3052,7742491136,-17.5506,-2330593792
"LAO","Lao PDR",2015,33.9523,4898082304,51.8461,7479511040,-17.8938,-2581428736
"LAO","Lao PDR",2016,33.2094,5284448768,41.8825,6664545280,-8.673,-1380096512
"MMR","Myanmar",2010,10.6237,4015329280,8.1772,3090663680,2.4465,924665600
"MMR","Myanmar",2011,9.1047,4927363072,7.0268,3802816000,2.0779,1124547072
"MMR","Myanmar",2012,6.0882,3550529024,5.7672,3363382528,0.3209,187146496
"MMR","Myanmar",2013,15.8181,9581400064,15.165,9185765376,0.6532,395634688
"MMR","Myanmar",2014,19.8761,12574618624,20.6519,13065388032,-0.7757,-490769408
"MMR","Myanmar",2015,20.4639,12901541888,24.4833,15435576320,-4.0194,-2534034432
"MMR","Myanmar",2016,22.9752,13852128256,30.9399,18654189568,-7.9647,-4802061312
"MMR","Myanmar",2017,25.9427,15941649408,35.0788,21555679232,-9.136,-5614029824
"MMR","Myanmar",2018,28.3597,19042052096,34.0892,22889095168,-5.7295,-3847043072
"MMR","Myanmar",2019,30.3898,20877078528,30.2992,20814899200,0.0905,62179328
"MMR","Myanmar",2020,32.6749,25790402560,32.2257,25435854848,0.4492,354547712
"MMR","Myanmar",2021,33.7372,21971247104,32.1012,20905818112,1.636,1065428992
"MMR","Myanmar",2022,36.9643,21943609344,35.4086,21020106752,1.5556,923502592
"MNG","Mongolia",1988,28.449,911636928,66.0225,2115665920,-37.5735,-1204028928
"MNG","Mongolia",1989,22.4868,804344512,53.8774,1927175680,-31.3906,-1122831104
"MNG","Mongolia",1990,18.2747,467975936,40.3472,1033205120,-22.0725,-565229184
"MNG","Mongolia",1991,54.0685,1286298624,82.5353,1963530624,-28.4669,-677232000
"MNG","Mongolia",1992,28.933,381224544,36.3627,479118624,-7.4297,-97894080
"MNG","Mongolia",1993,59.3322,455909504,70.4099,541030592,-11.0777,-85121088
"MNG","Mongolia",1994,44.6307,413198592,54.5266,504816608,-9.8959,-91618016
"MNG","Mongolia",1995,40.5414,588727616,41.5623,603552960,-1.0209,-14825344
"MNG","Mongolia",1996,35.5243,478057760,42.4497,571254528,-6.9254,-93196768
"MNG","Mongolia",1997,52.6663,621954880,47.3251,558878336,5.3412,63076544
"MNG","Mongolia",1998,47.8435,537971712,59.5077,669128448,-11.6642,-131156736
"MNG","Mongolia",1999,50.1584,530379648,62.0829,656469888,-11.9245,-126090240
"MNG","Mongolia",2000,53.9967,613886976,67.8899,771837184,-13.8931,-157950208
"MNG","Mongolia",2001,50.3183,638035520,65.5,830538496,-15.1816,-192502976
"MNG","Mongolia",2002,50.7266,708425472,67.7906,946734016,-17.064,-238308544
"MNG","Mongolia",2003,52.3521,835170880,67.9473,1083962240,-15.5953,-248791360
"MNG","Mongolia",2004,60.7878,1210933120,70.5415,1405234688,-9.7538,-194301568
"MNG","Mongolia",2005,58.7694,1483028736,63.6121,1605232640,-4.8427,-122203904
"MNG","Mongolia",2006,59.4433,2029426176,53.4867,1826066304,5.9565,203359872
"MNG","Mongolia",2007,59.6144,2524671744,58.266,2467564032,1.3485,57107712
"MNG","Mongolia",2008,54.017,3037495040,67.181,3777731840,-13.1639,-740236800
"MNG","Mongolia",2009,50.278,2304668160,57.5358,2637352960,-7.2578,-332684800
"MNG","Mongolia",2010,46.679,3355976960,56.671,4074354944,-9.9921,-718377984
"MNG","Mongolia",2011,52.5536,5470718464,74.4457,7749643776,-21.8921,-2278925312
"MNG","Mongolia",2012,43.5722,5356224512,66.0164,8115246080,-22.4443,-2759021568
"MNG","Mongolia",2013,38.8902,4893217280,61.4218,7728160256,-22.5315,-2834942976
"MNG","Mongolia",2014,52.249,6388231680,57.0733,6978077184,-4.8243,-589845504
"MNG","Mongolia",2015,44.1841,5134139392,45.4696,5283520000,-1.2856,-149380608
"MNG","Mongolia",2016,50.8722,5688198656,50.183,5611142144,0.6891,77056512
"MNG","Mongolia",2017,59.1667,6792836608,56.7662,6517243392,2.4005,275593216
"MNG","Mongolia",2018,58.1648,7665010176,68.1911,8986286080,-10.0263,-1321275904
"MNG","Mongolia",2019,59.2172,8412612608,65.1793,9259602944,-5.9621,-846990336
"MNG","Mongolia",2020,57.6604,7676311552,55.1783,7345876480,2.4821,330435072
"MNG","Mongolia",2021,58.5489,8950037504,60.5492,9255820288,-2.0004,-305782784
"MNG","Mongolia",2022,69.691,11715680256,75.2593,12651750400,-5.5682,-936070144
"MYS","Malaysia",1988,66.4155,23426146304,56.2087,19825999872,10.2068,3600146432
"MYS","Malaysia",1989,71.3768,27728457728,65.3122,25372469248,6.0646,2355988480
"MYS","Malaysia",1990,74.4661,32783400960,72.4221,31883544576,2.044,899856384
"MYS","Malaysia",1991,77.8256,38245924864,81.4859,40044732416,-3.6603,-1798807552
"MYS","Malaysia",1992,75.9839,44957790208,74.6274,44155183104,1.3565,802607104
"MYS","Malaysia",1993,78.9203,52793700352,79.0202,52860518400,-0.0999,-66818048
"MYS","Malaysia",1994,89.1508,66398031872,90.7542,67592212480,-1.6034,-1194180608
"MYS","Malaysia",1995,94.0892,83462119424,98.024,86952550400,-3.9349,-3490430976
"MYS","Malaysia",1996,91.5761,92359491584,90.1908,90962321408,1.3853,1397170176
"MYS","Malaysia",1997,93.2895,93294411776,92.3757,92380577792,0.9138,913833984
"MYS","Malaysia",1998,115.7437,83529351168,93.7485,67655929856,21.9953,15873421312
"MYS","Malaysia",1999,121.3114,96016056320,96.2595,76187893760,25.0519,19828162560
"MYS","Malaysia",2000,119.8097,112369213440,100.5971,94349737984,19.2126,18019475456
"MYS","Malaysia",2001,110.4025,102435790848,92.9621,86253944832,17.4403,16181846016
"MYS","Malaysia",2002,108.3053,109221052416,91.0509,91820785664,17.2544,17400266752
"MYS","Malaysia",2003,106.9434,117854208000,87.2517,96153419776,19.6918,21700788224
"MYS","Malaysia",2004,115.3733,143927623680,95.0009,118513156096,20.3724,25414467584
"MYS","Malaysia",2005,112.899,162048884736,90.9557,130552692736,21.9433,31496192000
"MYS","Malaysia",2006,112.1855,182517088256,90.3917,147060244480,21.7938,35456843776
"MYS","Malaysia",2007,106.1683,205488209920,86.2972,167027900416,19.871,38460309504
"MYS","Malaysia",2008,99.4996,229656559616,77.1687,178114412544,22.3308,51542147072
"MYS","Malaysia",2009,91.4168,184897273856,71.1422,143890366464,20.2746,41006907392
"MYS","Malaysia",2010,86.9303,221687595008,71.0145,181099429888,15.9158,40588165120
"MYS","Malaysia",2011,85.2554,254020009984,69.6822,207619407872,15.5732,46400602112
"MYS","Malaysia",2012,79.2999,249353076736,68.5418,215525064704,10.7581,33828012032
"MYS","Malaysia",2013,75.629,244490747904,67.0919,216892358656,8.5371,27598389248
"MYS","Malaysia",2014,73.7935,249470812160,64.5187,218115981312,9.2748,31354830848
"MYS","Malaysia",2015,69.4487,209286955008,61.9214,186603044864,7.5273,22683910144
"MYS","Malaysia",2016,66.7754,201164587008,60.1236,181125447680,6.6519,20039139328
"MYS","Malaysia",2017,70.0117,223413846016,63.1434,201496428544,6.8683,21917417472
"MYS","Malaysia",2018,68.555,245967585280,61.8477,221902471168,6.7073,24065114112
"MYS","Malaysia",2019,65.2778,238379876352,57.7508,210893045760,7.527,27486830592
"MYS","Malaysia",2020,61.5992,207798550528,55.2293,186310377472,6.3699,21488173056
"MYS","Malaysia",2021,68.8389,256756154368,61.7309,230244663296,7.108,26511491072
"MYS","Malaysia",2022,73.8363,300001394688,66.9092,271856091136,6.9271,28145303552
"PHL","Philippines",1988,19.9994,8630151168,19.3243,8338839040,0.6751,291312128
"PHL","Philippines",1989,19.7399,9576564736,21.543,10451339264,-1.8031,-874774528
"PHL","Philippines",1990,19.3932,9795179520,23.5291,11884167168,-4.1359,-2088987648
"PHL","Philippines",1991,20.9651,10856619008,23.2548,12042290176,-2.2896,-1185671168
"PHL","Philippines",1992,20.7797,12555556864,24.2115,14629139456,-3.4318,-2073582592
"PHL","Philippines",1993,22.3031,13836088320,28.1619,17470672896,-5.8588,-3634584576
"PHL","Philippines",1994,24.0757,17613598720,28.4508,20814444544,-4.3752,-3200845824
"PHL","Philippines",1995,25.946,21961852928,31.3845,26565214208,-5.4385,-4603361280
"PHL","Philippines",1996,28.8867,27340728320,34.9686,33097093120,-6.0819,-5756364800
"PHL","Philippines",1997,35.0861,33018279936,42.1425,39658754048,-7.0564,-6640474112
"PHL","Philippines",1998,37.8069,28163250176,42.2703,31488192512,-4.4635,-3324942336
"PHL","Philippines",1999,38.4112,32895381504,38.7503,33185853440,-0.3392,-290471936
"PHL","Philippines",2000,43.3442,36266016768,41.8092,34981625856,1.5351,1284390912
"PHL","Philippines",2001,41.1555,32480430080,43.7449,34524004352,-2.5894,-2043574272
"PHL","Philippines",2002,40.0057,33727727616,43.8391,36959600640,-3.8334,-3231873024
"PHL","Philippines",2003,42.305,36821905408,45.2696,39402270720,-2.9646,-2580365312
"PHL","Philippines",2004,41.8268,39736336384,45.2984,43034427392,-3.4716,-3298091008
"PHL","Philippines",2005,41.23,44289298432,42.6156,45777707008,-1.3856,-1488408576
"PHL","Philippines",2006,41.2455,52651036672,39.6051,50557042688,1.6404,2093993984
"PHL","Philippines",2007,38.0142,59294683136,35.6308,55577059328,2.3834,3717623808
"PHL","Philippines",2008,33.3568,60584222720,34.3242,62341267456,-0.9674,-1757044736
"PHL","Philippines",2009,30.2195,53178736640,30.6671,53966290944,-0.4475,-787554304
"PHL","Philippines",2010,32.8748,68500918272,33.2295,69239832576,-0.3546,-738914304
"PHL","Philippines",2011,29.1054,68169785344,31.6904,74224238592,-2.585,-6054453248
"PHL","Philippines",2012,27.4671,71941906432,30.3749,79558189056,-2.9079,-7616282624
"PHL","Philippines",2013,26.1774,74318438400,29.6474,84169695232,-3.4699,-9851256832
"PHL","Philippines",2014,27.3545,81375150080,30.1137,89583206400,-2.7592,-8208056320
"PHL","Philippines",2015,27.2081,83377971200,31.9335,97859002368,-4.7255,-14481031168
"PHL","Philippines",2016,26.673,84987387904,35.1031,111847833600,-8.4301,-26860445696
"PHL","Philippines",2017,29.5523,97073586176,38.6161,126846377984,-9.0638,-29772791808
"PHL","Philippines",2018,30.2136,104793440256,41.9498,145499455488,-11.7362,-40706015232
"PHL","Philippines",2019,28.3829,106953482240,40.4589,152458690560,-12.076,-45505208320
"PHL","Philippines",2020,25.2028,91171561472,32.9667,119257489408,-7.7639,-28085927936
"PHL","Philippines",2021,25.752,101485510656,37.7326,148699316224,-11.9805,-47213805568
"PHL","Philippines",2022,28.3851,114756534272,44.0316,178012782592,-15.6465,-63256248320
"SGP","Singapore",1988,184.7141,46864670720,175.153,44438888448,9.5611,2425782272
"SGP","Singapore",1989,179.2957,54623088640,168.277,51266199552,11.0187,3356889088
"SGP","Singapore",1990,177.1926,64045068288,167.1397,60411527168,10.0529,3633541120
"SGP","Singapore",1991,168.5462,76631490560,155.3418,70627958784,13.2044,6003531776
"SGP","Singapore",1992,161.726,84309893120,149.5863,77981335552,12.1396,6328557568
"SGP","Singapore",1993,161.6505,97966391296,151.7656,91975770112,9.8849,5990621184
"SGP","Singapore",1994,166.1934,122465755136,150.0232,110550163456,16.1702,11915591680
"SGP","Singapore",1995,181.1209,159046893568,164.3383,144309649408,16.7826,14737244160
"SGP","Singapore",1996,175.6431,169132195840,159.2681,153364135936,16.3751,15768059904
"SGP","Singapore",1997,169.2969,169506471936,154.5675,154758889472,14.7294,14747582464
"SGP","Singapore",1998,166.7876,142984019968,145.2917,124555984896,21.4959,18428035072
"SGP","Singapore",1999,176.745,152507727872,159.7398,137834496000,17.0052,14673231872
"SGP","Singapore",2000,188.3509,180960985088,176.0136,169107767296,12.3373,11853217792
"SGP","Singapore",2001,182.8942,164227661824,166.3979,149415051264,16.4963,14812610560
"SGP","Singapore",2002,184.0861,170350264320,165.6599,153298944000,18.4262,17051320320
"SGP","Singapore",2003,202.5862,197818105856,174.6324,170522181632,27.9539,27295924224
"SGP","Singapore",2004,213.9517,246116270080,187.572,215770791936,26.3797,30345478144
"SGP","Singapore",2005,225.1597,287771656192,195.2708,249571393536,29.8888,38200262656
"SGP","Singapore",2006,228.0376,338926043136,197.3258,293279891456,30.7118,45646151680
"SGP","Singapore",2007,212.7794,385006731264,181.5091,328425701376,31.2703,56581029888
"SGP","Singapore",2008,228.9938,443371651072,208.3329,403368706048,20.6608,40002945024
"SGP","Singapore",2009,190.8449,370526060544,167.3479,324906450944,23.4971,45619609600
"SGP","Singapore",2010,197.999,474817200128,171.6866,411718057984,26.3124,63099142144
"SGP","Singapore",2011,203.3277,568009228288,175.7709,491027529728,27.5568,76981698560
"SGP","Singapore",2012,196.7196,580505501696,172.4933,509015523328,24.2263,71489978368
"SGP","Singapore",2013,195.0778,600013209600,171.964,528920576000,23.1138,71092633600
"SGP","Singapore",2014,191.9535,604391800832,168.5138,530588532736,23.4398,73803268096
"SGP","Singapore",2015,178.3846,549422006272,151.0868,465345118208,27.2978,84076888064
"SGP","Singapore",2016,164.672,525353058304,138.4645,441743278080,26.2075,83609780224
"SGP","Singapore",2017,171.5646,588934807552,144.9129,497446846464,26.6517,91487961088
"SGP","Singapore",2018,177.3504,668379840512,147.8469,557190086656,29.5035,111189753856
"SGP","Singapore",2019,175.5944,661705654272,146.1091,550593691648,29.4854,111111962624
"SGP","Singapore",2020,181.9886,634034061312,150.7852,525323927552,31.2034,108710133760
"SGP","Singapore",2021,184.3024,781068140544,149.0372,631615127552,35.2652,149453012992
"SGP","Singapore",2022,186.5526,870805995520,150.3099,701629464576,36.2426,169176530944
"THA","Thailand",1988,33.012,20357574656,34.4015,21214461952,-1.3895,-856887296
"THA","Thailand",1989,34.9215,25231065088,37.4854,27083485184,-2.5639,-1852420096
"THA","Thailand",1990,34.1319,29129275392,41.6504,35545808896,-7.5185,-6416533504
"THA","Thailand",1991,35.9643,35329437696,42.5068,41756459008,-6.5425,-6427021312
"THA","Thailand",1992,36.9725,41206841344,40.9822,45675753472,-4.0097,-4468912128
"THA","Thailand",1993,36.8173,47453532160,40.9288,52752863232,-4.1115,-5299331072
"THA","Thailand",1994,38.2421,56094978048,43.0068,63084056576,-4.7647,-6989078528
"THA","Thailand",1995,41.5323,70305505280,48.2238,81632780288,-6.6915,-11327275008
"THA","Thailand",1996,39.0184,71417454592,45.2557,82833932288,-6.2373,-11416477696
"THA","Thailand",1997,48.2371,72442634240,46.8147,70306578432,1.4223,2136055808
"THA","Thailand",1998,57.9373,65860575232,42.3032,48088379392,15.6341,17772195840
"THA","Thailand",1999,56.4385,71490256896,44.2677,56073605120,12.1708,15416651776
"THA","Thailand",2000,64.8402,81953038336,56.4577,71358144512,8.3825,10594893824
"THA","Thailand",2001,63.2507,76088352768,57.0173,68589772800,6.2334,7498579968
"THA","Thailand",2002,60.6458,81447796736,54.324,72957607936,6.3218,8490188800
"THA","Thailand",2003,61.5226,93686923264,55.1703,84013621248,6.3523,9673302016
"THA","Thailand",2004,65.9719,114062491648,61.44,106227138560,4.5318,7835353088
"THA","Thailand",2005,68.4027,129498931200,69.4511,131483811840,-1.0484,-1984880640
"THA","Thailand",2006,68.6753,152293261312,65.4116,145055662080,3.2637,7237599232
"THA","Thailand",2007,68.8723,181094563840,61.001,160397508608,7.8713,20697055232
"THA","Thailand",2008,71.4164,208095297536,69.0206,201114271744,2.3958,6981025792
"THA","Thailand",2009,64.4386,181530427392,54.8308,154464206848,9.6078,27066220544
"THA","Thailand",2010,66.4862,226787508224,60.7644,207270084608,5.7218,19517423616
"THA","Thailand",2011,70.8549,262743277568,68.8205,255199297536,2.0344,7543980032
"THA","Thailand",2012,68.9512,274121375744,68.7237,273216798720,0.2275,904577024
"THA","Thailand",2013,67.1711,282342916096,65.2911,274440601600,1.88,7902314496
"THA","Thailand",2014,68.3941,278596026368,62.5114,254633164800,5.8828,23962861568
"THA","Thailand",2015,67.6367,271423504384,57.203,229553373184,10.4337,41870131200
"THA","Thailand",2016,67.0709,277248475136,53.5043,221168943104,13.5665,56079532032
"THA","Thailand",2017,66.6728,304266018816,54.2186,247430250496,12.4542,56835768320
"THA","Thailand",2018,64.8381,328569782272,56.0038,283801452544,8.8343,44768329728
"THA","Thailand",2019,59.5189,323768909824,50.1706,272916496384,9.3483,50852413440
"THA","Thailand",2020,51.4949,257709981696,46.3048,231735689216,5.1901,25974292480
"THA","Thailand",2021,58.638,296454946816,58.6054,296290385920,0.0326,164560896
"THA","Thailand",2022,65.785,325859934208,68.1284,337467670528,-2.3434,-11607736320
"VNM","Vietnam",1988,3.9453,1003045248,15.0052,3814891008,-11.0599,-2811845632
"VNM","Vietnam",1989,23.8494,1500912768,34.0551,2143191552,-10.2057,-642278784
"VNM","Vietnam",1990,36.0386,2332325632,45.2771,2930215424,-9.2385,-597889792
"VNM","Vietnam",1991,30.915,2971976960,36.0319,3463880960,-5.1169,-491904000
"VNM","Vietnam",1992,34.7456,3428344576,38.8313,3831479552,-4.0857,-403134976
"VNM","Vietnam",1993,28.7228,3785936640,37.4895,4941471744,-8.7667,-1155535104
"VNM","Vietnam",1994,34.0131,5539525632,43.4601,7078095360,-9.4469,-1538569728
"VNM","Vietnam",1995,32.8129,6804127744,41.9084,8690196480,-9.0956,-1886068736
"VNM","Vietnam",1996,40.8685,10077134848,51.8373,12781757440,-10.9688,-2704622592
"VNM","Vietnam",1997,43.1027,11570361344,51.2418,13755189248,-8.1391,-2184827904
"VNM","Vietnam",1998,44.8483,12203044864,52.1529,14190608384,-7.3046,-1987563520
"VNM","Vietnam",1999,49.9662,14332147712,52.8212,15151041536,-2.8549,-818893824
"VNM","Vietnam",2000,53.9215,16808688640,57.4956,17922826240,-3.5741,-1114137600
"VNM","Vietnam",2001,55.0619,17997103104,56.894,18595917824,-1.8321,-598814720
"VNM","Vietnam",2002,54.7391,19193788416,61.9577,21724925952,-7.2186,-2531137536
"VNM","Vietnam",2003,56.6733,22415697920,67.6547,26759133184,-10.9814,-4343435264
"VNM","Vietnam",2004,59.731,27134531584,73.2855,33292011520,-13.5544,-6157479936
"VNM","Vietnam",2005,63.6995,36712091648,67.0154,38623129600,-3.3159,-1911037952
"VNM","Vietnam",2006,67.7168,44944777216,70.5968,46856278016,-2.88,-1911500800
"VNM","Vietnam",2007,70.5179,54591008768,84.0875,65095864320,-13.5696,-10504855552
"VNM","Vietnam",2008,70.3367,69724979200,83.9808,83250413568,-13.6441,-13525434368
"VNM","Vietnam",2009,62.6089,66374594560,72.0974,76433850368,-9.4886,-10059255808
"VNM","Vietnam",2010,54.1758,79747481600,59.8018,88029011968,-5.626,-8281530368
"VNM","Vietnam",2011,61.1802,105593921536,64.0804,110599634944,-2.9003,-5005713408
"VNM","Vietnam",2012,63.4739,124149071872,59.7502,116865794048,3.7237,7283277824
"VNM","Vietnam",2013,66.8004,142758445056,64.0459,136871747584,2.7545,5886697472
"VNM","Vietnam",2014,69.5986,162478899200,65.8119,153638961152,3.7866,8839938048
"VNM","Vietnam",2015,72.9229,174474002432,71.9914,172245368832,0.9315,2228633600
"VNM","Vietnam",2016,74.1073,190526865408,71.3022,183315152896,2.8051,7211712512
"VNM","Vietnam",2017,81.7625,230041796608,79.2176,222881464320,2.545,7160332288
"VNM","Vietnam",2018,84.4235,261802606592,80.2405,248830935040,4.183,12971671552
"VNM","Vietnam",2019,85.1576,284737404928,79.5466,265976299520,5.611,18761105408
"VNM","Vietnam",2020,84.3816,292479893504,78.8643,273355948032,5.5173,19123945472
"VNM","Vietnam",2021,93.2916,341575794688,93.1765,341154299904,0.1151,421494784
